rank	name	state	ancestry_portuguese	popestimate2020	popestimate2021	npopchg2020	npopchg2021	pop_sqkm	zscore_1_65	brand
1	Bristol County	Massachusetts	24.9	579,172	580,164	-28	992	405	"{""units_2"": ""{county:9.8|state:9.7|us:3.5}"", ""units_3_4"": ""{county:15.3|state:10.7|us:4.3}"", ""units_5_9"": ""{county:7.5|state:5.8|us:4.6}"", ""ancestry_arab"": ""{county:1.0|state:1.0|us:0.6}"", ""ancestry_irish"": ""{county:17.9|state:19.7|us:9.7}"", ""ancestry_french"": ""{county:9.7|state:5.6|us:2.3}"", ""earnings_female"": ""{county:50261|state:57737|us:44220}"", ""ancestry_italian"": ""{county:8.4|state:12.0|us:5.1}"", ""built_1939_earlier"": ""{county:32.8|state:31.9|us:12.4}"", ""ancestry_portuguese"": ""{county:24.9|state:4.0|us:0.4}"", ""value_200000_299999"": ""{county:30.7|state:17.9|us:20.0}"", ""value_300000_499999"": ""{county:41.5|state:35.6|us:20.5}"", ""income_150000_199999"": ""{county:9.2|state:10.6|us:7.1}"", ""ancestry_frenchcanadian"": ""{county:4.6|state:3.6|us:0.6}"", ""ancestry_subsaharan_african"": ""{county:3.6|state:2.2|us:1.2}""}"	"[{""Speedway"" : ""24""}, {""Dunkin' Donuts"" : ""20""}, {""McDonald's"" : ""17""}, {""Tesla Supercharger"" : ""13""}, {""CVS Pharmacy"" : ""7""}, {""Walgreens"" : ""7""}, {""Dunkin'"" : ""5""}, {""Subway"" : ""5""}, {""Stop & Shop"" : ""5""}, {""Dollar Tree"" : ""5""}, {""Family Dollar"" : ""4""}, {""Cumberland Farms"" : ""4""}, {""Supercuts"" : ""4""}, {""Sunoco"" : ""4""}, {""Burger King"" : ""4""}, {""PetSmart"" : ""4""}, {""7-Eleven"" : ""3""}, {""Bank of America"" : ""3""}, {""Shell"" : ""3""}, {""Sprint"" : ""3""}, {""ChargePoint"" : ""3""}, {""Starbucks"" : ""3""}, {""Five Guys"" : ""3""}, {""Mobil"" : ""3""}, {""AutoZone"" : ""3""}, {""GNC"" : ""3""}, {""Chipotle"" : ""3""}, {""Wendy's"" : ""3""}, {""BJ's Wholesale Club"" : ""3""}, {""Denny's"" : ""2""}, {""Taco Bell"" : ""2""}, {""Target"" : ""2""}, {""Jersey Mike's Subs"" : ""2""}, {""Qdoba"" : ""2""}, {""AT&T"" : ""2""}, {""TJ Maxx"" : ""2""}, {""T-Mobile"" : ""2""}, {""Michaels"" : ""2""}, {""Cold Stone Creamery"" : ""2""}, {""Chuck E. Cheese's"" : ""2""}, {""BP"" : ""2""}, {""Best Buy"" : ""2""}, {""Advance Auto Parts"" : ""2""}, {""Marshalls"" : ""2""}, {""Savers"" : ""2""}, {""Friendly's"" : ""2""}, {""Old Navy"" : ""2""}, {""Papa Gino's"" : ""2""}, {""Sally Beauty"" : ""2""}, {""KFC"" : ""2""}, {""Dero"" : ""2""}, {""Petco"" : ""1""}, {""Petro Mart"" : ""1""}, {""PizzaExpress"" : ""1""}, {""Pizza Hut"" : ""1""}, {""Planet Fitness"" : ""1""}, {""Rainbow"" : ""1""}, {""Redbox"" : ""1""}, {""Rent-A-Center"" : ""1""}, {""Rite Aid"" : ""1""}, {""Roche Bros."" : ""1""}, {""Ruby Tuesday"" : ""1""}, {""Safelite AutoGlass"" : ""1""}, {""Santander"" : ""1""}, {""Save-A-Lot"" : ""1""}, {""Sears"" : ""1""}, {""Sleep Number"" : ""1""}, {""Smashburger"" : ""1""}, {""Sonic"" : ""1""}, {""Staples"" : ""1""}, {""TGI Friday's"" : ""1""}, {""The Home Depot"" : ""1""}, {""Tropical Smoothie Cafe"" : ""1""}, {""Ulta Beauty"" : ""1""}, {""United States Post Office"" : ""1""}, {""Unos"" : ""1""}, {""Valvoline"" : ""1""}, {""Verizon"" : ""1""}, {""Verizon Wireless"" : ""1""}, {""Victoria's Secret"" : ""1""}, {""Visionworks"" : ""1""}, {""Walmart"" : ""1""}, {""Yankee Candle"" : ""1""}, {""YMCA"" : ""1""}, {""Aaron's"" : ""1""}, {""Ace Hardware"" : ""1""}, {""Adam & Eve"" : ""1""}, {""ALDI"" : ""1""}, {""Aldi"" : ""1""}, {""Amazing Intimate Essentials"" : ""1""}, {""Applebee's Neighborhood Grill & Bar"" : ""1""}, {""Aspen Dental"" : ""1""}, {""Bed Bath & Beyond"" : ""1""}, {""Big Lots"" : ""1""}, {""BJ's"" : ""1""}, {""Boston Market"" : ""1""}, {""Burlington"" : ""1""}, {""Century 21"" : ""1""}, {""Chick-fil-A"" : ""1""}, {""Chili's"" : ""1""}, {""Cos√¨"" : ""1""}, {""Crunch Fitness"" : ""1""}, {""CVS"" : ""1""}, {""Domino's"" : ""1""}, {""DXL Men's Apparel"" : ""1""}, {""Edible Arrangements"" : ""1""}, {""Famous Footwear"" : ""1""}, {""Five Below"" : ""1""}, {""Ford"" : ""1""}, {""Great Clips"" : ""1""}, {""Gulf"" : ""1""}, {""Hampton"" : ""1""}, {""Harbor Freight Tools"" : ""1""}, {""H&R Block"" : ""1""}, {""Jackson Hewitt"" : ""1""}, {""Jared"" : ""1""}, {""JCPenney"" : ""1""}, {""JOANN Fabrics and Crafts"" : ""1""}, {""Joe's Kwik Marts"" : ""1""}, {""JoS. A. Bank"" : ""1""}, {""KinderCare"" : ""1""}, {""Kohl's"" : ""1""}, {""Little Caesars"" : ""1""}, {""Little Free Library"" : ""1""}, {""Macy's"" : ""1""}, {""Market Basket"" : ""1""}, {""Mattress Firm"" : ""1""}, {""Metro by T-Mobile"" : ""1""}, {""Midas"" : ""1""}, {""Monro Muffler Brake"" : ""1""}, {""Ocean State Job Lot"" : ""1""}, {""Orangetheory Fitness"" : ""1""}, {""O'Reilly Auto Parts"" : ""1""}, {""Panera Bread"" : ""1""}]"
2	Kent County	Rhode Island	8.7	170,323	170,715	-40	392	391	"{""in_finance"": ""{county:8.0|state:6.7|us:6.6}"", ""ancestry_irish"": ""{county:23.8|state:17.2|us:9.7}"", ""rent_1000_1499"": ""{county:39.1|state:34.7|us:30.2}"", ""ancestry_french"": ""{county:11.9|state:8.4|us:2.3}"", ""earnings_female"": ""{county:49873|state:47939|us:44220}"", ""earnings_median"": ""{county:44729|state:39410|us:36280}"", ""ancestry_italian"": ""{county:20.0|state:16.3|us:5.1}"", ""ancestry_portuguese"": ""{county:8.7|state:8.0|us:0.4}"", ""value_200000_299999"": ""{county:40.1|state:34.5|us:20.0}"", ""ancestry_frenchcanadian"": ""{county:5.4|state:5.0|us:0.6}""}"	"[{""Subway"" : ""8""}, {""Speedway"" : ""8""}, {""Cumberland Farms"" : ""5""}, {""CVS Pharmacy"" : ""5""}, {""Dunkin' Donuts"" : ""4""}, {""Starbucks"" : ""4""}, {""Shell"" : ""3""}, {""Dollar Tree"" : ""2""}, {""TA"" : ""2""}, {""ChargePoint"" : ""2""}, {""Chipotle"" : ""2""}, {""FedEx"" : ""2""}, {""Saladworks"" : ""2""}, {""Webster Bank"" : ""2""}, {""Chase"" : ""1""}, {""Colonial Life"" : ""1""}, {""David's Bridal"" : ""1""}, {""Edward Jones"" : ""1""}, {""Enterprise"" : ""1""}, {""European Wax Center"" : ""1""}, {""eVgo"" : ""1""}, {""FedEx Office"" : ""1""}, {""Five Guys"" : ""1""}, {""Footaction"" : ""1""}, {""Great Clips"" : ""1""}, {""Guitar Center"" : ""1""}, {""Harbor Freight Tools"" : ""1""}, {""Hobby Lobby"" : ""1""}, {""H&R Block"" : ""1""}, {""Infiniti"" : ""1""}, {""JCPenney"" : ""1""}, {""Jersey Mike's Subs"" : ""1""}, {""Kohl's"" : ""1""}, {""Macy's"" : ""1""}, {""Marathon"" : ""1""}, {""Maserati"" : ""1""}, {""Massage Envy"" : ""1""}, {""Metro by T-Mobile"" : ""1""}, {""Nordstrom Rack"" : ""1""}, {""Ocean State Job Lot"" : ""1""}, {""On The Border"" : ""1""}, {""Orangetheory Fitness"" : ""1""}, {""Panera Bread"" : ""1""}, {""PetSmart"" : ""1""}, {""Planet Fitness"" : ""1""}, {""Popeyes"" : ""1""}, {""Porsche"" : ""1""}, {""Price Rite"" : ""1""}, {""RE/MAX"" : ""1""}, {""Sport Clips"" : ""1""}, {""Staples"" : ""1""}, {""Target"" : ""1""}, {""Tesla, Inc."" : ""1""}, {""The UPS Store"" : ""1""}, {""Tractor Supply Company"" : ""1""}, {""Trader Joe's"" : ""1""}, {""United States Post Office"" : ""1""}, {""Walgreens"" : ""1""}, {""Walmart"" : ""1""}, {""Advance Auto Parts"" : ""1""}, {""West Marine"" : ""1""}, {""ALDI"" : ""1""}, {""Alfa Romeo"" : ""1""}, {""Arooga's"" : ""1""}, {""At Home"" : ""1""}, {""AT&T"" : ""1""}, {""Audi"" : ""1""}, {""Bed Bath & Beyond"" : ""1""}, {""Bentley"" : ""1""}, {""Berkshire Hathaway HomeServices"" : ""1""}, {""Bertucci's"" : ""1""}, {""BJ's"" : ""1""}, {""Burlington"" : ""1""}, {""Century 21"" : ""1""}]"
3	Providence County	Rhode Island	7.0	660,015	658,221	-726	-1,794	621	"{""units_2"": ""{county:14.5|state:11.3|us:3.5}"", ""units_3_4"": ""{county:17.1|state:12.0|us:4.3}"", ""units_5_9"": ""{county:6.0|state:4.8|us:4.6}"", ""ancestry_arab"": ""{county:1.0|state:0.8|us:0.6}"", ""housing_total"": ""{county:266624|state:469289|us:138432751}"", ""housing_units"": ""{county:266624|state:469289|us:138432751}"", ""units_20_more"": ""{county:10.1|state:8.4|us:9.4}"", ""ancestry_french"": ""{county:7.9|state:8.4|us:2.3}"", ""occupied_renter"": ""{county:44.9|state:38.4|us:35.6}"", ""ancestry_italian"": ""{county:15.1|state:16.3|us:5.1}"", ""built_1939_earlier"": ""{county:36.3|state:30.3|us:12.4}"", ""ancestry_portuguese"": ""{county:7.0|state:8.0|us:0.4}"", ""value_200000_299999"": ""{county:38.7|state:34.5|us:20.0}"", ""ancestry_frenchcanadian"": ""{county:5.3|state:5.0|us:0.6}"", ""ancestry_subsaharan_african"": ""{county:4.7|state:3.1|us:1.2}""}"	"[{""Speedway"" : ""13""}, {""Dunkin' Donuts"" : ""11""}, {""Starbucks"" : ""7""}, {""CVS Pharmacy"" : ""7""}, {""Subway"" : ""6""}, {""Chipotle"" : ""5""}, {""Dollar Tree"" : ""5""}, {""Walgreens"" : ""5""}, {""Family Dollar"" : ""5""}, {""Dunkin'"" : ""5""}, {""Panera Bread"" : ""4""}, {""Supercuts"" : ""4""}, {""Stop & Shop"" : ""4""}, {""ChargePoint"" : ""4""}, {""Cumberland Farms"" : ""4""}, {""Gulf"" : ""3""}, {""TJ Maxx"" : ""3""}, {""Mattress Firm"" : ""3""}, {""Staples"" : ""3""}, {""Planet Fitness"" : ""3""}, {""TD Bank"" : ""3""}, {""Shell"" : ""3""}, {""McDonald's"" : ""3""}, {""Petco"" : ""2""}, {""American Eagle Outfitters"" : ""2""}, {""Famous Footwear"" : ""2""}, {""Rite Aid"" : ""2""}, {""Santander"" : ""2""}, {""Dero"" : ""2""}, {""Sprint"" : ""2""}, {""Taco Bell"" : ""2""}, {""Advance Auto Parts"" : ""2""}, {""GameStop"" : ""2""}, {""Bank of America"" : ""2""}, {""ALDI"" : ""2""}, {""Marshalls"" : ""2""}, {""T-Mobile"" : ""2""}, {""Bath & Body Works"" : ""2""}, {""Verizon Wireless"" : ""2""}, {""7-Eleven"" : ""2""}, {""Old Navy"" : ""2""}, {""AT&T"" : ""2""}, {""Wendy's"" : ""2""}, {""Whole Foods Market"" : ""2""}, {""HomeGoods"" : ""1""}, {""Hot Topic"" : ""1""}, {""H&R Block"" : ""1""}, {""Independent"" : ""1""}, {""Jeep"" : ""1""}, {""Journeys"" : ""1""}, {""Justice"" : ""1""}, {""Kay Jewelers"" : ""1""}, {""Kohl's"" : ""1""}, {""LabCorp"" : ""1""}, {""LA Fitness"" : ""1""}, {""Lids"" : ""1""}, {""Little Caesars"" : ""1""}, {""Lowe's"" : ""1""}, {""Macy's"" : ""1""}, {""Michaels"" : ""1""}, {""Minuteman Press"" : ""1""}, {""Mobil"" : ""1""}, {""O'Reilly Auto Parts"" : ""1""}, {""PacSun"" : ""1""}, {""Papa Gino's"" : ""1""}, {""PetSmart"" : ""1""}, {""Pet Supplies Plus"" : ""1""}, {""Pinkberry"" : ""1""}, {""Popeyes"" : ""1""}, {""RadioShack"" : ""1""}, {""Ram"" : ""1""}, {""Save-A-Lot"" : ""1""}, {""Sephora"" : ""1""}, {""Target"" : ""1""}, {""Tesla"" : ""1""}, {""The Cheesecake Factory"" : ""1""}, {""The Home Depot"" : ""1""}, {""Tillys"" : ""1""}, {""Ulta Beauty"" : ""1""}, {""Urban Outfitters"" : ""1""}, {""Vans"" : ""1""}, {""VCA Animal Hospital"" : ""1""}, {""Verizon"" : ""1""}, {""Victoria's Secret"" : ""1""}, {""Visionworks"" : ""1""}, {""Walmart"" : ""1""}, {""Yankee Candle"" : ""1""}, {""YMCA"" : ""1""}, {""Zara"" : ""1""}, {""Zumiez"" : ""1""}, {""Mobile"" : ""1""}, {""Aerie"" : ""1""}, {""Aeropostale"" : ""1""}, {""Aldi"" : ""1""}, {""Aldo"" : ""1""}, {""Amazon Locker"" : ""1""}, {""American Automobile Association"" : ""1""}, {""American Legion"" : ""1""}, {""Aspen Dental"" : ""1""}, {""AutoZone"" : ""1""}, {""Banfield Pet Hospital"" : ""1""}, {""Barnes & Noble"" : ""1""}, {""Ben & Jerry's"" : ""1""}, {""Blaze Pizza"" : ""1""}, {""Boscov's"" : ""1""}, {""Boston Market"" : ""1""}, {""Broadway Gas"" : ""1""}, {""Burger King"" : ""1""}, {""Burlington"" : ""1""}, {""Carter's"" : ""1""}, {""Chrysler"" : ""1""}, {""Citizens Bank"" : ""1""}, {""Claire's"" : ""1""}, {""claire's"" : ""1""}, {""Crate & Barrel"" : ""1""}, {""CVS"" : ""1""}, {""Dave & Buster's"" : ""1""}, {""Denny's"" : ""1""}, {""Dick's Sporting Goods"" : ""1""}, {""Dodge"" : ""1""}, {""Dollar General"" : ""1""}, {""Domino's"" : ""1""}, {""DSW"" : ""1""}, {""European Wax Center"" : ""1""}, {""Express"" : ""1""}, {""FedEx Office"" : ""1""}, {""Fiat"" : ""1""}, {""Five Below"" : ""1""}, {""Five Guys"" : ""1""}, {""Friendly's"" : ""1""}, {""Gap"" : ""1""}, {""GNC"" : ""1""}, {""H&M"" : ""1""}, {""Hollister"" : ""1""}]"
4	Hawaii County	Hawaii	6.2	200,746	202,906	117	2,160	19	"{""race_asian"": ""{county:22.7|state:37.6|us:5.6}"", ""race_mixed"": ""{county:29.5|state:24.3|us:5.2}"", ""job_service"": ""{county:24.8|state:23.0|us:17.4}"", ""rent_median"": ""{county:1214|state:1651|us:1096}"", ""in_arts_food"": ""{county:16.4|state:16.0|us:9.4}"", ""race_pacific"": ""{county:12.0|state:10.4|us:0.2}"", ""value_median"": ""{county:364100|state:636400|us:229800}"", ""rent_1500_1999"": ""{county:18.5|state:20.6|us:14.9}"", ""rent_2000_2499"": ""{county:8.3|state:13.8|us:6.2}"", ""rent_2500_2999"": ""{county:3.3|state:9.4|us:2.6}"", ""ancestry_portuguese"": ""{county:6.2|state:3.4|us:0.4}"", ""value_300000_499999"": ""{county:32.1|state:21.7|us:20.5}"", ""value_500000_999999"": ""{county:24.3|state:49.2|us:12.3}""}"	"[{""Subway"" : ""10""}, {""Longs Drugs"" : ""10""}, {""Bank of Hawaii"" : ""8""}, {""L&L Hawaiian Barbecue"" : ""7""}, {""United States Post Office"" : ""7""}, {""Shell"" : ""6""}, {""Starbucks"" : ""6""}, {""Aloha Petroleum"" : ""6""}, {""Supercuts"" : ""5""}, {""Redbox"" : ""5""}, {""Pizza Hut"" : ""5""}, {""Domino's"" : ""4""}, {""Foodland"" : ""4""}, {""Verizon"" : ""4""}, {""KTA Super Stores"" : ""3""}, {""Safeway"" : ""3""}, {""AT&T"" : ""3""}, {""McDonald's"" : ""3""}, {""Texaco"" : ""3""}, {""The Home Depot"" : ""3""}, {""76"" : ""2""}, {""Edward Jones"" : ""2""}, {""Tommy Bahama"" : ""2""}, {""Macy's"" : ""2""}, {""Vitamin World"" : ""2""}, {""Walmart"" : ""2""}, {""Extra Space Storage"" : ""2""}, {""Hot Dog on a Stick"" : ""2""}, {""Famous Footwear"" : ""2""}, {""OfficeMax"" : ""2""}, {""FedEx"" : ""2""}, {""Zippy's"" : ""2""}, {""Old Navy"" : ""2""}, {""Auntie Anne's"" : ""2""}, {""O'Reilly Auto Parts"" : ""2""}, {""IHOP"" : ""2""}, {""Petco"" : ""2""}, {""First Hawaiian Bank"" : ""2""}, {""Island Naturals"" : ""2""}, {""Regal Cinemas"" : ""2""}, {""Rent-A-Center"" : ""2""}, {""Budget"" : ""2""}, {""Cricket Wireless"" : ""2""}, {""Sally Beauty"" : ""2""}, {""AutoZone"" : ""2""}, {""Spectrum"" : ""2""}, {""Journeys"" : ""2""}, {""Dairy Queen"" : ""2""}, {""Bath & Body Works"" : ""2""}, {""Teapresso Bar"" : ""2""}, {""The UPS Store"" : ""2""}, {""National"" : ""1""}, {""Ohana Fuels"" : ""1""}, {""Orange Julius"" : ""1""}, {""Panda Express"" : ""1""}, {""Planet Fitness"" : ""1""}, {""Poke To Your Taste"" : ""1""}, {""Popeyes"" : ""1""}, {""Ross"" : ""1""}, {""Ruth's Chris Steak House"" : ""1""}, {""Skechers"" : ""1""}, {""Smarte Carte"" : ""1""}, {""Spencer Gifts"" : ""1""}, {""Springboard Hosptality"" : ""1""}, {""Sprint"" : ""1""}, {""Sunglass Hut"" : ""1""}, {""The Coffee Bean & Tea Leaf"" : ""1""}, {""The Salvation Army"" : ""1""}, {""TJ Maxx"" : ""1""}, {""T-Mobile"" : ""1""}, {""Tractor Supply Company"" : ""1""}, {""U-Haul"" : ""1""}, {""United States Postal Service"" : ""1""}, {""UPS"" : ""1""}, {""Western Union"" : ""1""}, {""Westin"" : ""1""}, {""WingStreet"" : ""1""}, {""Yogurtland"" : ""1""}, {""The Vitamin Shoppe"" : ""1""}, {""ABC"" : ""1""}, {""Ace Hardware"" : ""1""}, {""Alamo"" : ""1""}, {""Allstate"" : ""1""}, {""American Eagle Outfitters"" : ""1""}, {""American Savings Bank"" : ""1""}, {""Baskin-Robbins"" : ""1""}, {""Ben Franklin Crafts"" : ""1""}, {""BMW"" : ""1""}, {""Carquest"" : ""1""}, {""Cinnabon"" : ""1""}, {""Claire's"" : ""1""}, {""CoCo"" : ""1""}, {""Coldwell Banker"" : ""1""}, {""Costco"" : ""1""}, {""Courtyard"" : ""1""}, {""Crocs"" : ""1""}, {""Daiichi Ramen"" : ""1""}, {""Daiso"" : ""1""}, {""Diamond Resorts"" : ""1""}, {""Enterprise"" : ""1""}, {""Firestone"" : ""1""}, {""Four Seasons"" : ""1""}, {""GameStop"" : ""1""}, {""Genki Sushi"" : ""1""}, {""GNC"" : ""1""}, {""Goodwill"" : ""1""}, {""Harley-Davidson"" : ""1""}, {""Hawaii Medical Service Association"" : ""1""}, {""Hele"" : ""1""}, {""Hertz"" : ""1""}, {""HomeStreet Bank"" : ""1""}, {""Honda"" : ""1""}, {""Hot Topic"" : ""1""}, {""HPM Building Supply"" : ""1""}, {""HSMA"" : ""1""}, {""Independent"" : ""1""}, {""Island Gourmet Markets"" : ""1""}, {""Jackson Hewitt"" : ""1""}, {""Jamba"" : ""1""}, {""Jamba Juice"" : ""1""}, {""Jeans Warehouse"" : ""1""}, {""Kay Jewelers"" : ""1""}, {""Kia"" : ""1""}, {""Kona;Giant;Specialized;Pivot;Cannondale;Cervelo;Zipp;Niner"" : ""1""}, {""Liberty Tax"" : ""1""}, {""Lids"" : ""1""}, {""Mattress Firm"" : ""1""}, {""Na Hoku"" : ""1""}, {""NAPA Auto Parts"" : ""1""}]"
5	Merced County	California	5.4	281,726	286,461	524	4,735	57	"{""age_10_14"": ""{county:8.9|state:6.6|us:6.5}"", ""edu_9_less"": ""{county:17.9|state:8.9|us:4.9}"", ""race_asian"": ""{county:7.6|state:14.8|us:5.6}"", ""unemployed"": ""{county:6.4|state:3.9|us:3.4}"", ""age_under18"": ""{county:29.5|state:22.8|us:22.4}"", ""race_hispanic"": ""{county:60.2|state:39.1|us:18.2}"", ""rent_1000_1499"": ""{county:38.3|state:26.7|us:30.2}"", ""occupied_renter"": ""{county:47.8|state:44.7|us:35.6}"", ""ancestry_portuguese"": ""{county:5.4|state:0.8|us:0.4}"", ""value_200000_299999"": ""{county:34.1|state:9.9|us:20.0}"", ""value_300000_499999"": ""{county:28.9|state:26.0|us:20.5}""}"	"[{""Starbucks"" : ""5""}, {""Chase"" : ""5""}, {""McDonald's"" : ""4""}, {""Subway"" : ""4""}, {""CVS Pharmacy"" : ""3""}, {""GameStop"" : ""2""}, {""Dollar General"" : ""2""}, {""KFC"" : ""2""}, {""A&W"" : ""2""}, {""Chevron"" : ""2""}, {""Shell"" : ""2""}, {""JCPenney"" : ""2""}, {""Long John Silver's"" : ""1""}, {""Love's"" : ""1""}, {""Panera Bread"" : ""1""}, {""Popeyes"" : ""1""}, {""Redbox"" : ""1""}, {""Sears"" : ""1""}, {""Supercuts"" : ""1""}, {""Tesla Supercharger"" : ""1""}, {""Valero"" : ""1""}, {""Verizon"" : ""1""}, {""76"" : ""1""}, {""Walgreens"" : ""1""}, {""ampm"" : ""1""}, {""Arco"" : ""1""}, {""Baskin-Robbins"" : ""1""}, {""Big 5 Sporting Goods"" : ""1""}, {""Burger King"" : ""1""}, {""Carl's Jr."" : ""1""}, {""Chipotle"" : ""1""}, {""Circle K"" : ""1""}, {""Coinstar"" : ""1""}, {""Domino's"" : ""1""}, {""Kohl's"" : ""1""}]"
6	Barnstable County	Massachusetts	4.4	228,969	232,411	-27	3,442	228	"{""age_65_74"": ""{county:17.3|state:9.5|us:9.4}"", ""age_75_84"": ""{county:8.8|state:4.6|us:4.7}"", ""age_median"": ""{county:53.7|state:39.6|us:38.2}"", ""age_16_over"": ""{county:87.0|state:82.6|us:80.1}"", ""age_18_over"": ""{county:85.0|state:80.2|us:77.6}"", ""age_21_over"": ""{county:82.3|state:75.7|us:73.5}"", ""age_62_over"": ""{county:36.1|state:20.4|us:19.6}"", ""age_65_over"": ""{county:30.5|state:16.5|us:16.0}"", ""age_85_over"": ""{county:4.4|state:2.4|us:2.0}"", ""income_mean"": ""{county:104697|state:115964|us:91547}"", ""rent_median"": ""{county:1362|state:1336|us:1096}"", ""value_median"": ""{county:414000|state:398800|us:229800}"", ""earnings_male"": ""{county:65647|state:71096|us:54323}"", ""ancestry_greek"": ""{county:0.8|state:1.1|us:0.4}"", ""ancestry_irish"": ""{county:26.7|state:19.7|us:9.7}"", ""housing_vacant"": ""{county:41.6|state:9.1|us:11.6}"", ""rent_1500_1999"": ""{county:27.8|state:20.2|us:14.9}"", ""rent_2000_2499"": ""{county:7.5|state:11.4|us:6.2}"", ""earnings_female"": ""{county:53228|state:57737|us:44220}"", ""edu_grad_degree"": ""{county:20.1|state:20.0|us:12.7}"", ""in_professional"": ""{county:13.0|state:14.4|us:11.7}"", ""ancestry_italian"": ""{county:11.0|state:12.0|us:5.1}"", ""income_percapita"": ""{county:47315|state:45555|us:35384}"", ""ancestry_scottish"": ""{county:3.8|state:2.0|us:1.6}"", ""income_200000_more"": ""{county:10.7|state:14.3|us:8.3}"", ""ancestry_lithuanian"": ""{county:1.0|state:0.7|us:0.2}"", ""ancestry_portuguese"": ""{county:4.4|state:4.0|us:0.4}"", ""edu_bachelor_degree"": ""{county:24.9|state:24.5|us:20.2}"", ""edu_bachelor_higher"": ""{county:45.0|state:44.5|us:32.9}"", ""value_300000_499999"": ""{county:45.5|state:35.6|us:20.5}"", ""value_500000_999999"": ""{county:27.6|state:27.8|us:12.3}"", ""ancestry_west_indian"": ""{county:1.6|state:2.0|us:0.9}"", ""income_150000_199999"": ""{county:9.2|state:10.6|us:7.1}"", ""ancestry_frenchcanadian"": ""{county:3.2|state:3.6|us:0.6}""}"	"[{""Speedway"" : ""22""}, {""Dunkin' Donuts"" : ""14""}, {""Tesla Supercharger"" : ""12""}, {""CVS Pharmacy"" : ""8""}, {""Cumberland Farms"" : ""6""}, {""ChargePoint"" : ""6""}, {""Dunkin'"" : ""5""}, {""Starbucks"" : ""4""}, {""Dero"" : ""4""}, {""Stop & Shop"" : ""3""}, {""7-Eleven"" : ""3""}, {""Citizens Bank"" : ""3""}, {""TJ Maxx"" : ""3""}, {""Verizon Wireless"" : ""2""}, {""Walmart"" : ""2""}, {""Ben & Jerry's"" : ""2""}, {""Planet Fitness"" : ""2""}, {""H&R Block"" : ""2""}, {""AutoZone"" : ""2""}, {""Marshalls"" : ""2""}, {""Shaw's"" : ""2""}, {""Michaels"" : ""2""}, {""Mobil"" : ""2""}, {""Ace Hardware"" : ""2""}, {""Staples"" : ""2""}, {""Subway"" : ""2""}, {""Tesla"" : ""2""}, {""Regal Cinemas"" : ""1""}, {""Rite Aid"" : ""1""}, {""Roche Bros."" : ""1""}, {""Sears"" : ""1""}, {""Shell"" : ""1""}, {""Sherwin-Williams"" : ""1""}, {""Sports Authority"" : ""1""}, {""The Blended Berry"" : ""1""}, {""T-Mobile"" : ""1""}, {""Walgreens"" : ""1""}, {""Sunoco"" : ""1""}, {""AT&T"" : ""1""}, {""Bank of America"" : ""1""}, {""Best Buy"" : ""1""}, {""Bike Fixation"" : ""1""}, {""Burger King"" : ""1""}, {""Century 21"" : ""1""}, {""Citgo"" : ""1""}, {""CVS"" : ""1""}, {""Dollar General"" : ""1""}, {""Dollar Tree"" : ""1""}, {""Domino's"" : ""1""}, {""eVgo"" : ""1""}, {""Fraternal Order of Eagles"" : ""1""}, {""Great Clips"" : ""1""}, {""Hampton"" : ""1""}, {""Hess"" : ""1""}, {""Kmart"" : ""1""}, {""Macy's"" : ""1""}, {""NAPA Auto Parts"" : ""1""}, {""Ocean State Job Lot"" : ""1""}, {""Old Navy"" : ""1""}, {""Panera Bread"" : ""1""}, {""Papa Gino's"" : ""1""}, {""PetSmart"" : ""1""}, {""Quest Diagnostics"" : ""1""}, {""RadioShack"" : ""1""}]"
7	Kings County	California	4.2	152,627	153,443	141	816	43	"{""age_25_34"": ""{county:16.9|state:15.3|us:13.9}"", ""edu_9_less"": ""{county:13.2|state:8.9|us:4.9}"", ""race_mixed"": ""{county:8.8|state:7.9|us:5.2}"", ""race_hispanic"": ""{county:54.9|state:39.1|us:18.2}"", ""in_public_admin"": ""{county:12.9|state:4.6|us:4.7}"", ""occupied_renter"": ""{county:46.4|state:44.7|us:35.6}"", ""job_construction"": ""{county:20.5|state:8.8|us:8.7}"", ""ancestry_portuguese"": ""{county:4.2|state:0.8|us:0.4}"", ""value_200000_299999"": ""{county:37.0|state:9.9|us:20.0}""}"	"[{""Subway"" : ""5""}, {""McDonald's"" : ""5""}, {""Chevron"" : ""4""}, {""Starbucks"" : ""4""}, {""CVS Pharmacy"" : ""2""}, {""Valero"" : ""2""}, {""Burger King"" : ""2""}, {""76"" : ""2""}, {""Little Caesars"" : ""2""}, {""Tesla Supercharger"" : ""2""}, {""AT&T"" : ""2""}, {""Chili's"" : ""1""}, {""Chipotle"" : ""1""}, {""Citibank"" : ""1""}, {""Cold Stone Creamery"" : ""1""}, {""Costco Gasoline"" : ""1""}, {""Costco Pharmacy"" : ""1""}, {""Dollar Tree"" : ""1""}, {""Dunkin'"" : ""1""}, {""Famous Footwear"" : ""1""}, {""Firestone"" : ""1""}, {""Five Guys"" : ""1""}, {""GameStop"" : ""1""}, {""Great Clips"" : ""1""}, {""Grocery Outlet"" : ""1""}, {""Harbor Freight Tools"" : ""1""}, {""Hibbett Sports"" : ""1""}, {""Hobby Lobby"" : ""1""}, {""Jack in the Box"" : ""1""}, {""Jamba"" : ""1""}, {""JCPenney"" : ""1""}, {""Jimmy John's"" : ""1""}, {""Kohl's"" : ""1""}, {""Les Schwab Tire Center"" : ""1""}, {""Lowe's"" : ""1""}, {""Marshalls"" : ""1""}, {""Mattress Firm"" : ""1""}, {""Maurices"" : ""1""}, {""Metro by T-Mobile"" : ""1""}, {""Michaels"" : ""1""}, {""Mobil Mart"" : ""1""}, {""NAPA Auto Parts"" : ""1""}, {""Old Navy"" : ""1""}, {""Panda Express"" : ""1""}, {""Party City"" : ""1""}, {""Pep Boys"" : ""1""}, {""PetSmart"" : ""1""}, {""Pizza Hut"" : ""1""}, {""Rally's"" : ""1""}, {""Round Table Pizza"" : ""1""}, {""Sally Beauty"" : ""1""}, {""Shell"" : ""1""}, {""Sonic"" : ""1""}, {""Sprint"" : ""1""}, {""Supercuts"" : ""1""}, {""Taco Bell"" : ""1""}, {""Target"" : ""1""}, {""The Habit Burger Grill"" : ""1""}, {""Ulta Beauty"" : ""1""}, {""Union Bank"" : ""1""}, {""Verizon"" : ""1""}, {""Wienerschnitzel"" : ""1""}, {""Yogurtland"" : ""1""}, {""Aaron's"" : ""1""}, {""Applebee's Neighborhood Grill & Bar"" : ""1""}, {""A&W"" : ""1""}, {""Baja Fresh"" : ""1""}, {""Bank of America"" : ""1""}, {""Big Lots"" : ""1""}, {""Black Bear Diner"" : ""1""}, {""Boost Mobile"" : ""1""}, {""Buffalo Wild Wings"" : ""1""}, {""Carl's Jr."" : ""1""}]"
8	Stanislaus County	California	4.0	552,710	552,999	-168	289	143	"{""edu_9_less"": ""{county:10.9|state:8.9|us:4.9}"", ""race_mixed"": ""{county:8.7|state:7.9|us:5.2}"", ""rent_median"": ""{county:1210|state:1586|us:1096}"", ""race_hispanic"": ""{county:46.9|state:39.1|us:18.2}"", ""rent_1000_1499"": ""{county:39.5|state:26.7|us:30.2}"", ""rent_1500_1999"": ""{county:22.2|state:23.8|us:14.9}"", ""ancestry_portuguese"": ""{county:4.0|state:0.8|us:0.4}"", ""value_200000_299999"": ""{county:29.8|state:9.9|us:20.0}"", ""value_300000_499999"": ""{county:42.2|state:26.0|us:20.5}""}"	"[{""McDonald's"" : ""9""}, {""Chevron"" : ""8""}, {""Taco Bell"" : ""8""}, {""Subway"" : ""8""}, {""Starbucks"" : ""8""}, {""CVS Pharmacy"" : ""7""}, {""Burger King"" : ""6""}, {""Valero"" : ""5""}, {""Little Caesars"" : ""5""}, {""Arco"" : ""5""}, {""Save Mart"" : ""4""}, {""Jack in the Box"" : ""4""}, {""KFC"" : ""4""}, {""Shell"" : ""3""}, {""Denny's"" : ""3""}, {""Dollar Tree"" : ""3""}, {""Big Lots"" : ""3""}, {""Mountain Mike's"" : ""3""}, {""AutoZone"" : ""3""}, {""Walgreens"" : ""3""}, {""A&W"" : ""3""}, {""Carl's Jr."" : ""3""}, {""AT&T"" : ""3""}, {""Chase"" : ""3""}, {""Panda Express"" : ""3""}, {""76"" : ""2""}, {""GameStop"" : ""2""}, {""Party City"" : ""2""}, {""Baskin-Robbins"" : ""2""}, {""Great Clips"" : ""2""}, {""Pizza Hut"" : ""2""}, {""Coinstar"" : ""2""}, {""Raley's"" : ""2""}, {""Redbox"" : ""2""}, {""Cold Stone Creamery"" : ""2""}, {""7-Eleven"" : ""2""}, {""Del Taco"" : ""2""}, {""Kohl's"" : ""2""}, {""Staples"" : ""2""}, {""Supercuts"" : ""2""}, {""Les Schwab Tire Center"" : ""2""}, {""Target"" : ""2""}, {""Michaels"" : ""2""}, {""Mobil"" : ""2""}, {""U.S. Bank"" : ""2""}, {""Walmart"" : ""2""}, {""Bank of America"" : ""2""}, {""Petco"" : ""1""}, {""PostalAnnex"" : ""1""}, {""Quiznos"" : ""1""}, {""Rack Room Shoes"" : ""1""}, {""Red Robin"" : ""1""}, {""Rent-A-Center"" : ""1""}, {""Rite Aid"" : ""1""}, {""Round Table Pizza"" : ""1""}, {""rue21"" : ""1""}, {""Sears"" : ""1""}, {""Skechers"" : ""1""}, {""Sprint"" : ""1""}, {""Sylvan"" : ""1""}, {""Tesla Supercharger"" : ""1""}, {""The Home Depot"" : ""1""}, {""The UPS Store"" : ""1""}, {""TJ Maxx"" : ""1""}, {""T-Mobile"" : ""1""}, {""Torrid"" : ""1""}, {""United States Post Office"" : ""1""}, {""USA Gasoline"" : ""1""}, {""Verizon"" : ""1""}, {""Wells Fargo"" : ""1""}, {""Wendy's"" : ""1""}, {""Western Dental"" : ""1""}, {""Wienerschnitzel"" : ""1""}, {""Wingstop"" : ""1""}, {""AAMCO"" : ""1""}, {""Aladdin Bail Bonds"" : ""1""}, {""American Automobile Association"" : ""1""}, {""ampm"" : ""1""}, {""Applebee's Neighborhood Grill & Bar"" : ""1""}, {""Avoolio"" : ""1""}, {""Baja Fresh"" : ""1""}, {""Bank of the West"" : ""1""}, {""Bath & Body Works"" : ""1""}, {""Batteries Plus Bulbs"" : ""1""}, {""BevMo!"" : ""1""}, {""Big 5 Sporting Goods"" : ""1""}, {""Cartridge World"" : ""1""}, {""Chipotle"" : ""1""}, {""Circle K"" : ""1""}, {""claire's"" : ""1""}, {""Dairy Queen"" : ""1""}, {""Dickey's Barbecue Pit"" : ""1""}, {""Dick's Sporting Goods"" : ""1""}, {""Dunkin'"" : ""1""}, {""Family Dollar"" : ""1""}, {""Famous Footwear"" : ""1""}, {""Fantastic Sams"" : ""1""}, {""Forever 21"" : ""1""}, {""Fosters Freeze"" : ""1""}, {""Golden 1 Credit Union"" : ""1""}, {""Goodwill"" : ""1""}, {""H&R Block"" : ""1""}, {""Jamba"" : ""1""}, {""Jamba Juice"" : ""1""}, {""JCPenney"" : ""1""}, {""Jimmy John's"" : ""1""}, {""JOANN Fabrics and Crafts"" : ""1""}, {""Justice"" : ""1""}, {""Kirkland's"" : ""1""}, {""Little Free Library"" : ""1""}, {""Macy's"" : ""1""}, {""Maurices"" : ""1""}, {""NAPA Auto Parts"" : ""1""}, {""Nothing Bundt Cakes"" : ""1""}, {""OfficeMax"" : ""1""}, {""Ono Hawaiian BBQ"" : ""1""}, {""Panera Bread"" : ""1""}, {""Papa John's"" : ""1""}, {""Papa Murphy's"" : ""1""}, {""Pep Boys"" : ""1""}]"
9	Plymouth County	Massachusetts	3.9	530,979	533,003	160	2,024	313	"{""in_finance"": ""{county:8.4|state:7.3|us:6.6}"", ""income_mean"": ""{county:120992|state:115964|us:91547}"", ""rent_median"": ""{county:1324|state:1336|us:1096}"", ""value_median"": ""{county:386600|state:398800|us:229800}"", ""earnings_male"": ""{county:71780|state:71096|us:54323}"", ""income_median"": ""{county:92906|state:84385|us:64994}"", ""ancestry_greek"": ""{county:0.8|state:1.1|us:0.4}"", ""ancestry_irish"": ""{county:30.0|state:19.7|us:9.7}"", ""rent_1500_1999"": ""{county:25.1|state:20.2|us:14.9}"", ""rent_2000_2499"": ""{county:8.8|state:11.4|us:6.2}"", ""rent_2500_2999"": ""{county:3.5|state:5.3|us:2.6}"", ""earnings_female"": ""{county:56274|state:57737|us:44220}"", ""earnings_median"": ""{county:45265|state:44845|us:36280}"", ""ancestry_italian"": ""{county:14.7|state:12.0|us:5.1}"", ""income_percapita"": ""{county:45378|state:45555|us:35384}"", ""income_200000_more"": ""{county:14.6|state:14.3|us:8.3}"", ""ancestry_lithuanian"": ""{county:0.7|state:0.7|us:0.2}"", ""ancestry_portuguese"": ""{county:3.9|state:4.0|us:0.4}"", ""value_300000_499999"": ""{county:44.2|state:35.6|us:20.5}"", ""value_500000_999999"": ""{county:24.6|state:27.8|us:12.3}"", ""ancestry_west_indian"": ""{county:3.4|state:2.0|us:0.9}"", ""income_150000_199999"": ""{county:11.8|state:10.6|us:7.1}"", ""ancestry_frenchcanadian"": ""{county:2.8|state:3.6|us:0.6}"", ""ancestry_subsaharan_african"": ""{county:5.4|state:2.2|us:1.2}""}"	"[{""Speedway"" : ""16""}, {""McDonald's"" : ""9""}, {""Dunkin' Donuts"" : ""6""}, {""7-Eleven"" : ""5""}, {""Marshalls"" : ""4""}, {""Dollar Tree"" : ""4""}, {""Subway"" : ""4""}, {""Dunkin'"" : ""4""}, {""Stop & Shop"" : ""3""}, {""Supercuts"" : ""3""}, {""Santander"" : ""3""}, {""Verizon"" : ""3""}, {""Dero"" : ""3""}, {""Starbucks"" : ""3""}, {""Auntie Anne's"" : ""2""}, {""Roche Bros."" : ""2""}, {""TJ Maxx"" : ""2""}, {""T-Mobile"" : ""2""}, {""Boost Mobile"" : ""2""}, {""Cumberland Farms"" : ""2""}, {""Planet Fitness"" : ""2""}, {""Mobil"" : ""2""}, {""Shell"" : ""2""}, {""CVS Pharmacy"" : ""2""}, {""Metro by T-Mobile"" : ""2""}, {""Charleys Philly Steaks"" : ""2""}, {""Old Navy"" : ""2""}, {""Staples"" : ""2""}, {""Panera Bread"" : ""2""}, {""Pearle Vision"" : ""2""}, {""Expedia CruiseShipCenters"" : ""1""}, {""Famous Footwear"" : ""1""}, {""Finish Line"" : ""1""}, {""Five Guys"" : ""1""}, {""GNC"" : ""1""}, {""Gulf"" : ""1""}, {""Harbor Freight Tools"" : ""1""}, {""Hollister"" : ""1""}, {""HomeGoods"" : ""1""}, {""H&R Block"" : ""1""}, {""JOANN Fabrics and Crafts"" : ""1""}, {""Kay Jewelers"" : ""1""}, {""KFC"" : ""1""}, {""Kohl's"" : ""1""}, {""LensCrafters"" : ""1""}, {""Lids"" : ""1""}, {""Macy's"" : ""1""}, {""Market Basket"" : ""1""}, {""Massage Envy"" : ""1""}, {""Mattress Firm"" : ""1""}, {""Menchie's"" : ""1""}, {""MinuteClinic"" : ""1""}, {""Mobil Mart"" : ""1""}, {""New York & Company"" : ""1""}, {""Ollie's Bargain Outlet"" : ""1""}, {""Orangetheory Fitness"" : ""1""}, {""Pep Boys"" : ""1""}, {""PetSmart"" : ""1""}, {""Pet Supplies Plus"" : ""1""}, {""Pizza Factory"" : ""1""}, {""Popeyes"" : ""1""}, {""Pure Barre"" : ""1""}, {""Rainbow"" : ""1""}, {""Rite Aid"" : ""1""}, {""rue21"" : ""1""}, {""Sally Beauty"" : ""1""}, {""Sarku Japan"" : ""1""}, {""Savers"" : ""1""}, {""Spencer Gifts"" : ""1""}, {""Sunglass Hut"" : ""1""}, {""Talbots"" : ""1""}, {""Target"" : ""1""}, {""The Children's Place"" : ""1""}, {""The Vitamin Shoppe"" : ""1""}, {""United States Post Office"" : ""1""}, {""Unleashed"" : ""1""}, {""UPS"" : ""1""}, {""Victoria's Secret"" : ""1""}, {""Visionworks"" : ""1""}, {""Walgreens"" : ""1""}, {""Wendy's"" : ""1""}, {""WW Studio"" : ""1""}, {""Xfinity"" : ""1""}, {""Yankee Candle"" : ""1""}, {""Zumiez"" : ""1""}, {""Ace Hardware"" : ""1""}, {""Advance Auto Parts"" : ""1""}, {""Aeropostale"" : ""1""}, {""ALDI"" : ""1""}, {""Aldi"" : ""1""}, {""American Automobile Association"" : ""1""}, {""American Eagle Outfitters"" : ""1""}, {""AT&T"" : ""1""}, {""AutoZone"" : ""1""}, {""Bank of America"" : ""1""}, {""Banter by Piercing Pagoda"" : ""1""}, {""Bath & Body Works"" : ""1""}, {""Bed Bath & Beyond"" : ""1""}, {""Benjamin Moore"" : ""1""}, {""Best Buy"" : ""1""}, {""Big Lots"" : ""1""}, {""Boston Pizza"" : ""1""}, {""Buffalo Wild Wings"" : ""1""}, {""Burger King"" : ""1""}, {""Burlington"" : ""1""}, {""Carvel"" : ""1""}, {""Cellaxs"" : ""1""}, {""Chipotle"" : ""1""}, {""Cinnabon"" : ""1""}, {""claire's"" : ""1""}, {""CosmoProf"" : ""1""}, {""Cricket Wireless"" : ""1""}, {""Dick's Sporting Goods"" : ""1""}, {""Domino's"" : ""1""}]"
9	Washington County	Rhode Island	3.9	129,753	130,592	-86	839	153	"{""income_mean"": ""{county:110375|state:92427|us:91547}"", ""value_median"": ""{county:359300|state:276600|us:229800}"", ""earnings_male"": ""{county:69765|state:59194|us:54323}"", ""income_median"": ""{county:86970|state:70305|us:64994}"", ""ancestry_greek"": ""{county:0.9|state:0.7|us:0.4}"", ""ancestry_irish"": ""{county:25.5|state:17.2|us:9.7}"", ""ancestry_french"": ""{county:8.1|state:8.4|us:2.3}"", ""earnings_female"": ""{county:53534|state:47939|us:44220}"", ""edu_grad_degree"": ""{county:20.1|state:14.0|us:12.7}"", ""job_bus_sci_art"": ""{county:44.8|state:40.5|us:39.5}"", ""ancestry_english"": ""{county:18.9|state:10.6|us:7.7}"", ""ancestry_italian"": ""{county:19.7|state:16.3|us:5.1}"", ""income_percapita"": ""{county:44325|state:37504|us:35384}"", ""income_200000_more"": ""{county:11.1|state:7.7|us:8.3}"", ""ancestry_portuguese"": ""{county:3.9|state:8.0|us:0.4}"", ""edu_bachelor_degree"": ""{county:25.9|state:21.0|us:20.2}"", ""edu_bachelor_higher"": ""{county:46.0|state:35.0|us:32.9}"", ""value_300000_499999"": ""{county:43.8|state:30.2|us:20.5}"", ""value_500000_999999"": ""{county:18.5|state:10.4|us:12.3}"", ""income_100000_149999"": ""{county:22.5|state:18.3|us:15.6}"", ""income_150000_199999"": ""{county:10.8|state:7.8|us:7.1}"", ""ancestry_frenchcanadian"": ""{county:4.3|state:5.0|us:0.6}""}"	"[{""Dunkin' Donuts"" : ""5""}, {""Subway"" : ""3""}, {""Speedway"" : ""2""}, {""Ocean State Job Lot"" : ""2""}, {""GameStop"" : ""2""}, {""Cumberland Farms"" : ""2""}, {""Mobil"" : ""2""}, {""Dollar General"" : ""1""}, {""Domino's"" : ""1""}, {""Dunkin'"" : ""1""}, {""Family Dollar"" : ""1""}, {""Fantastic Sams"" : ""1""}, {""FYE"" : ""1""}, {""GNC"" : ""1""}, {""Great Clips"" : ""1""}, {""Hallmark"" : ""1""}, {""Hertz"" : ""1""}, {""JCPenney"" : ""1""}, {""Kohl's"" : ""1""}, {""Mattress Firm"" : ""1""}, {""One Energy"" : ""1""}, {""Planet Fitness"" : ""1""}, {""RadioShack"" : ""1""}, {""Redbox"" : ""1""}, {""Rite Aid"" : ""1""}, {""Shell"" : ""1""}, {""TJ Maxx"" : ""1""}, {""Walgreens"" : ""1""}, {""Ace"" : ""1""}, {""Walmart"" : ""1""}, {""ALDI"" : ""1""}, {""Amazing Intimate Essentials"" : ""1""}, {""Burger King"" : ""1""}, {""Coinstar"" : ""1""}, {""Cold Stone Creamery"" : ""1""}, {""CVS Pharmacy"" : ""1""}]"
10	Maui County	Hawaii	3.7	164,655	164,221	-99	-434	55	"{""rooms_2"": ""{county:11.7|state:7.4|us:2.8}"", ""rooms_3"": ""{county:18.0|state:13.7|us:9.0}"", ""units_5_9"": ""{county:7.0|state:6.4|us:4.6}"", ""race_asian"": ""{county:28.9|state:37.6|us:5.6}"", ""race_mixed"": ""{county:23.4|state:24.3|us:5.2}"", ""income_mean"": ""{county:107870|state:107348|us:91547}"", ""job_service"": ""{county:28.1|state:23.0|us:17.4}"", ""rent_median"": ""{county:1543|state:1651|us:1096}"", ""units_10_19"": ""{county:5.6|state:4.8|us:4.3}"", ""in_arts_food"": ""{county:22.9|state:16.0|us:9.4}"", ""race_pacific"": ""{county:11.2|state:10.4|us:0.2}"", ""value_median"": ""{county:657400|state:636400|us:229800}"", ""income_median"": ""{county:84363|state:83173|us:64994}"", ""units_20_more"": ""{county:14.2|state:19.6|us:9.4}"", ""rent_1500_1999"": ""{county:24.1|state:20.6|us:14.9}"", ""rent_2000_2499"": ""{county:14.4|state:13.8|us:6.2}"", ""rent_2500_2999"": ""{county:7.5|state:9.4|us:2.6}"", ""rent_3000_more"": ""{county:6.1|state:12.4|us:2.8}"", ""built_1970_1979"": ""{county:23.7|state:23.2|us:15.0}"", ""income_200000_more"": ""{county:10.7|state:11.3|us:8.3}"", ""value_1000000_more"": ""{county:17.3|state:16.5|us:3.7}"", ""ancestry_portuguese"": ""{county:3.7|state:3.4|us:0.4}"", ""value_500000_999999"": ""{county:55.9|state:49.2|us:12.3}"", ""income_150000_199999"": ""{county:10.4|state:10.5|us:7.1}""}"	"[{""Starbucks"" : ""7""}, {""Texaco"" : ""4""}, {""Subway"" : ""4""}, {""United States Post Office"" : ""4""}, {""Shell"" : ""4""}, {""Longs Drugs"" : ""3""}, {""Safeway"" : ""3""}, {""Tommy Bahama"" : ""3""}, {""Taco Bell"" : ""2""}, {""Hertz"" : ""2""}, {""Panda Express"" : ""2""}, {""Pizza Hut"" : ""2""}, {""Louis Vuitton"" : ""2""}, {""Quiksilver"" : ""2""}, {""United States Postal Service"" : ""2""}, {""Verizon"" : ""2""}, {""Volcom"" : ""2""}, {""Lululemon"" : ""2""}, {""76"" : ""2""}, {""McDonald's"" : ""2""}, {""Ross"" : ""2""}, {""Ruth's Chris Steak House"" : ""2""}, {""Billabong"" : ""2""}, {""Ace Hardware"" : ""2""}, {""Avis"" : ""2""}, {""Supercuts"" : ""2""}, {""L&L Hawaiian Barbecue"" : ""1""}, {""Lowe's"" : ""1""}, {""Mercedes-Benz"" : ""1""}, {""National"" : ""1""}, {""Oakley"" : ""1""}, {""Ohana Fuels"" : ""1""}, {""Outback Steakhouse"" : ""1""}, {""Prada"" : ""1""}, {""Regal Cinemas"" : ""1""}, {""RE/MAX"" : ""1""}, {""Rolex"" : ""1""}, {""Sephora"" : ""1""}, {""Sixt"" : ""1""}, {""Sunglass Hut"" : ""1""}, {""The Coffee Bean & Tea Leaf"" : ""1""}, {""The Vitamin Shoppe"" : ""1""}, {""The Walking Company"" : ""1""}, {""Tiffany & Company"" : ""1""}, {""TJ Maxx"" : ""1""}, {""True Value"" : ""1""}, {""24 Hour Fitness"" : ""1""}, {""Yogurtland"" : ""1""}, {""7-Eleven"" : ""1""}, {""ABC"" : ""1""}, {""Alamo"" : ""1""}, {""Aloha Petroleum"" : ""1""}, {""AT&T"" : ""1""}, {""AutoZone"" : ""1""}, {""Bank of Hawaii"" : ""1""}, {""California Pizza Kitchen"" : ""1""}, {""Carl's Jr."" : ""1""}, {""Chevrolet"" : ""1""}, {""Circle K"" : ""1""}, {""Claire's"" : ""1""}, {""Crocs"" : ""1""}, {""CVS Pharmacy"" : ""1""}, {""Dollar"" : ""1""}, {""FedEx Office"" : ""1""}, {""Foodland"" : ""1""}, {""Foot Locker"" : ""1""}, {""Four Seasons"" : ""1""}, {""Gucci"" : ""1""}, {""Hele"" : ""1""}, {""H&R Block"" : ""1""}, {""Hyatt"" : ""1""}, {""Jersey Mike's Subs"" : ""1""}, {""KTM;Harley-Davidson;Honda;Kawasaki;Yamaha;Vespa"" : ""1""}]"
