rank	name	state	income_10000_less	popestimate2020	popestimate2021	npopchg2020	npopchg2021	pop_sqkm	zscore_1_65	brand
1	Lowndes County	Georgia	14.1	118,316	119,276	65	960	93	"{""age_20_24"": ""{county:12.7|state:6.8|us:6.7}"", ""in_retail"": ""{county:16.2|state:11.3|us:11.0}"", ""job_sales"": ""{county:27.6|state:22.0|us:21.3}"", ""units_5_9"": ""{county:7.9|state:4.4|us:4.6}"", ""race_black"": ""{county:36.9|state:31.6|us:12.6}"", ""occupied_renter"": ""{county:47.5|state:36.0|us:35.6}""}"	"[{""BP"" : ""3""}, {""Citgo"" : ""2""}, {""Church's Chicken"" : ""1""}, {""Denny's"" : ""1""}, {""Gander Outdoors"" : ""1""}, {""Hampton"" : ""1""}, {""Krystal"" : ""1""}, {""LongHorn Steakhouse"" : ""1""}, {""Lowe's"" : ""1""}, {""McDonald's"" : ""1""}, {""Moe's Southwest Grill"" : ""1""}, {""Olive Garden"" : ""1""}, {""Popeyes"" : ""1""}, {""Red Lobster"" : ""1""}, {""Subway"" : ""1""}, {""The UPS Store"" : ""1""}, {""Wendy's"" : ""1""}, {""Winn-Dixie"" : ""1""}, {""YMCA"" : ""1""}, {""Arby's"" : ""1""}, {""Zaxby's"" : ""1""}, {""Cheddar's"" : ""1""}]"
2	Bibb County	Georgia	13.5	157,104	156,762	-242	-342	243	"{""units_5_9"": ""{county:7.4|state:4.4|us:4.6}"", ""in_finance"": ""{county:8.4|state:6.4|us:6.6}"", ""race_black"": ""{county:54.3|state:31.6|us:12.6}"", ""occupied_renter"": ""{county:48.3|state:36.0|us:35.6}""}"	"[{""Marathon"" : ""4""}, {""Citgo"" : ""4""}, {""Kroger"" : ""3""}, {""Chick-fil-A"" : ""3""}, {""Shell"" : ""3""}, {""CVS Pharmacy"" : ""3""}, {""Dairy Queen"" : ""2""}, {""Burger King"" : ""2""}, {""ChargePoint"" : ""2""}, {""Dero"" : ""2""}, {""Zaxby's"" : ""2""}, {""Subway"" : ""2""}, {""Sunoco"" : ""2""}, {""Panda Express"" : ""2""}, {""Tesla Supercharger"" : ""2""}, {""H&R Block"" : ""2""}, {""Papa John's"" : ""2""}, {""Flash Foods"" : ""2""}, {""BP"" : ""2""}, {""McDonald's"" : ""2""}, {""Exxon"" : ""1""}, {""Farmers Insurance"" : ""1""}, {""Fazoli's"" : ""1""}, {""FedEx Office"" : ""1""}, {""Freddy's"" : ""1""}, {""GameStop"" : ""1""}, {""GNC"" : ""1""}, {""Goodwill"" : ""1""}, {""Harley"" : ""1""}, {""IHOP"" : ""1""}, {""Infiniti"" : ""1""}, {""Little Caesars"" : ""1""}, {""Mathnasium"" : ""1""}, {""McAlister's Deli"" : ""1""}, {""Metro by T-Mobile"" : ""1""}, {""Mobil"" : ""1""}, {""Moe's Southwest Grill"" : ""1""}, {""Outback Steakhouse"" : ""1""}, {""Panera Bread"" : ""1""}, {""Petro"" : ""1""}, {""Pet Supermarket"" : ""1""}, {""Piggly Wiggly"" : ""1""}, {""Pizza Hut"" : ""1""}, {""Plato's Closet"" : ""1""}, {""Publix"" : ""1""}, {""Quest Diagnostics"" : ""1""}, {""QuikTrip"" : ""1""}, {""Redbox"" : ""1""}, {""Roses"" : ""1""}, {""Sally Beauty"" : ""1""}, {""Aaron's"" : ""1""}, {""Taco Bell"" : ""1""}, {""The UPS Store"" : ""1""}, {""Tropical Smoothie Cafe"" : ""1""}, {""Ulta Beauty"" : ""1""}, {""Victoria's Secret"" : ""1""}, {""State Farm"" : ""1""}, {""Advance Auto Parts"" : ""1""}, {""Applebee's Neighborhood Grill & Bar"" : ""1""}, {""Bank of America"" : ""1""}, {""Batteries Plus Bulbs"" : ""1""}, {""Blink"" : ""1""}, {""Bojangles'"" : ""1""}, {""Boost Mobile"" : ""1""}, {""Chevron"" : ""1""}, {""Chipotle"" : ""1""}, {""Circle K"" : ""1""}, {""Citi Trends"" : ""1""}, {""Coinstar"" : ""1""}, {""CosmoProf"" : ""1""}, {""Cost Cutters"" : ""1""}, {""Dollar General"" : ""1""}, {""Dollar General Market"" : ""1""}, {""Domino's"" : ""1""}, {""DSW"" : ""1""}, {""Express Oil Change & Tire Engineers"" : ""1""}]"
3	Orleans Parish	Louisiana	13.4	383,282	376,971	-715	-6,311	859	"{""rooms_3"": ""{county:12.5|state:7.4|us:9.0}"", ""units_2"": ""{county:16.4|state:4.0|us:3.5}"", ""age_25_34"": ""{county:17.8|state:14.3|us:13.9}"", ""units_3_4"": ""{county:8.1|state:4.0|us:4.3}"", ""race_black"": ""{county:59.2|state:32.2|us:12.6}"", ""in_arts_food"": ""{county:16.6|state:10.3|us:9.4}"", ""grapi_35_more"": ""{county:51.8|state:45.2|us:40.0}"", ""units_20_more"": ""{county:11.5|state:4.8|us:9.4}"", ""edu_grad_degree"": ""{county:17.0|state:8.9|us:12.7}"", ""occupied_renter"": ""{county:50.2|state:33.4|us:35.6}"", ""units_1_attached"": ""{county:9.9|state:2.7|us:5.9}"", ""built_1939_earlier"": ""{county:34.1|state:6.7|us:12.4}"", ""ancestry_subsaharan_african"": ""{county:6.1|state:1.4|us:1.2}""}"	"[{""Subway"" : ""13""}, {""Walgreens"" : ""11""}, {""Dero"" : ""10""}, {""Shell"" : ""8""}, {""Capital One"" : ""6""}, {""Burger King"" : ""5""}, {""Starbucks"" : ""5""}, {""McDonald's"" : ""4""}, {""Exxon"" : ""4""}, {""Smoothie King"" : ""4""}, {""Popeyes"" : ""4""}, {""CVS Pharmacy"" : ""4""}, {""Chase"" : ""3""}, {""Rally's"" : ""3""}, {""Wendy's"" : ""3""}, {""United States Post Office"" : ""3""}, {""Anytime Fitness"" : ""2""}, {""Raising Cane's"" : ""2""}, {""AutoZone"" : ""2""}, {""Rite Aid"" : ""2""}, {""Sherwin-Williams"" : ""2""}, {""Family Dollar"" : ""2""}, {""FedEx Office"" : ""2""}, {""Firestone"" : ""2""}, {""Dollar General"" : ""2""}, {""PBS"" : ""2""}, {""United States Postal Service"" : ""2""}, {""Boost Mobile"" : ""2""}, {""Petco"" : ""2""}, {""Domino's"" : ""2""}, {""Pizza Hut"" : ""2""}, {""Great American Cookies"" : ""1""}, {""Häagen-Dazs"" : ""1""}, {""Habitat for Humanity ReStore"" : ""1""}, {""Hanesbrands"" : ""1""}, {""Hertz"" : ""1""}, {""H&M"" : ""1""}, {""Hotel Indigo"" : ""1""}, {""Hot Topic"" : ""1""}, {""House of Blues"" : ""1""}, {""H&R Block"" : ""1""}, {""IHOP"" : ""1""}, {""Jamba Juice"" : ""1""}, {""Journeys"" : ""1""}, {""Kay Jewelers"" : ""1""}, {""Krystal"" : ""1""}, {""Liberty Tax"" : ""1""}, {""LibertyX"" : ""1""}, {""L'Occitane"" : ""1""}, {""Mattress Firm"" : ""1""}, {""Mellow Mushroom"" : ""1""}, {""Michael Kors"" : ""1""}, {""Mooyah"" : ""1""}, {""New Balance"" : ""1""}, {""Nordstrom Rack"" : ""1""}, {""Nothing Bundt Cakes"" : ""1""}, {""Orangetheory Fitness"" : ""1""}, {""Papa John's"" : ""1""}, {""Pep Boys"" : ""1""}, {""Perfumania"" : ""1""}, {""Pinkberry"" : ""1""}, {""Planet Fitness"" : ""1""}, {""Regions Bank"" : ""1""}, {""Rockport"" : ""1""}, {""Ruth's Chris Steak House"" : ""1""}, {""Saks Fifth Avenue"" : ""1""}, {""Skechers"" : ""1""}, {""Steve Madden"" : ""1""}, {""Sunglass Hut"" : ""1""}, {""Supercuts"" : ""1""}, {""The UPS Store"" : ""1""}, {""Tiffany & Company"" : ""1""}, {""T-Mobile"" : ""1""}, {""Tommy Hilfiger"" : ""1""}, {""Vans"" : ""1""}, {""Wasabi"" : ""1""}, {""Whole Foods Market"" : ""1""}, {""Wilsons Leather"" : ""1""}, {""Winn-Dixie"" : ""1""}, {""Ace Hardware"" : ""1""}, {""Yogurtland"" : ""1""}, {""Advance America"" : ""1""}, {""Advance Auto Parts"" : ""1""}, {""American Eagle Outfitters"" : ""1""}, {""Anthropologie"" : ""1""}, {""AT&T"" : ""1""}, {""Auntie Anne's"" : ""1""}, {""Banana Republic"" : ""1""}, {""Blaze Pizza"" : ""1""}, {""Budget"" : ""1""}, {""Buffalo Exchange"" : ""1""}, {""Carter's"" : ""1""}, {""Champion"" : ""1""}, {""ChargePoint"" : ""1""}, {""Charlotte Russe"" : ""1""}, {""Chick-fil-A"" : ""1""}, {""claire's"" : ""1""}, {""Clarks"" : ""1""}, {""Cold Stone Creamery"" : ""1""}, {""Costco"" : ""1""}, {""Crocs"" : ""1""}, {""Dollar General Market"" : ""1""}, {""Dollar Tree"" : ""1""}, {""Domino's Pizza"" : ""1""}, {""Edible Arrangements"" : ""1""}, {""Einstein Bros. Bagels"" : ""1""}, {""Famous Footwear"" : ""1""}, {""Firehouse Subs"" : ""1""}, {""Forever 21"" : ""1""}, {""GameStop"" : ""1""}, {""GNC"" : ""1""}]"
4	Robeson County	North Carolina	13.1	116,361	116,328	-169	-33	47	"{""rooms_5"": ""{county:35.4|state:22.3|us:19.3}"", ""edu_9_12"": ""{county:15.2|state:7.2|us:6.6}"", ""race_native"": ""{county:40.2|state:1.2|us:0.8}"", ""units_mobile"": ""{county:36.9|state:12.4|us:6.0}"", ""ancestry_american"": ""{county:25.6|state:10.4|us:5.9}""}"	"[{""Dollar General"" : ""5""}, {""Family Dollar"" : ""5""}, {""Walmart"" : ""4""}, {""BP"" : ""4""}, {""McDonald's"" : ""3""}, {""AutoZone"" : ""3""}, {""Food Lion"" : ""3""}, {""Waffle House"" : ""3""}, {""NAPA Auto Parts"" : ""3""}, {""Hardee's"" : ""2""}, {""Burger King"" : ""2""}, {""Gulf"" : ""2""}, {""Marathon"" : ""2""}, {""Subway"" : ""2""}, {""Sunoco"" : ""2""}, {""Pizza Hut"" : ""2""}, {""Advance Auto Parts"" : ""2""}, {""Kwik Shop"" : ""1""}, {""Lowe's"" : ""1""}, {""Mattress Firm"" : ""1""}, {""Mobil"" : ""1""}, {""Panera Bread"" : ""1""}, {""Piggly Wiggly"" : ""1""}, {""Pure"" : ""1""}, {""Roses"" : ""1""}, {""Ruby Tuesday"" : ""1""}, {""Shell"" : ""1""}, {""Starbucks"" : ""1""}, {""Super 8"" : ""1""}, {""Taco Bell"" : ""1""}, {""Truist"" : ""1""}, {""United States Post Office"" : ""1""}, {""Verizon"" : ""1""}, {""Walgreens"" : ""1""}, {""Tesla Supercharger"" : ""1""}, {""BB&T"" : ""1""}, {""Chick-fil-A"" : ""1""}, {""CVS"" : ""1""}, {""CVS Pharmacy"" : ""1""}, {""Days Inn"" : ""1""}, {""Denny's"" : ""1""}, {""Dollar Tree"" : ""1""}, {""Domino's"" : ""1""}, {""GameStop"" : ""1""}, {""Golden Corral"" : ""1""}, {""Goody's"" : ""1""}, {""Honda"" : ""1""}, {""IGA"" : ""1""}, {""IHOP"" : ""1""}, {""Kay Jewelers"" : ""1""}, {""KFC"" : ""1""}]"
5	Bronx County	New York	12.8	1,466,438	1,424,948	-6,216	-41,490	13,045	"{""pop2020"": ""{county:1427056|state:19514849|us:326569308}"", ""rooms_1"": ""{county:6.4|state:4.1|us:2.3}"", ""rooms_3"": ""{county:27.2|state:14.9|us:9.0}"", ""rooms_4"": ""{county:30.5|state:18.4|us:16.1}"", ""units_2"": ""{county:8.9|state:10.1|us:3.5}"", ""edu_9_12"": ""{county:13.6|state:6.8|us:6.6}"", ""age_25_34"": ""{county:15.9|state:14.7|us:13.9}"", ""units_3_4"": ""{county:8.1|state:6.9|us:4.3}"", ""edu_9_less"": ""{county:12.9|state:6.0|us:4.9}"", ""race_black"": ""{county:34.8|state:15.4|us:12.6}"", ""unemployed"": ""{county:5.9|state:3.6|us:3.4}"", ""job_service"": ""{county:33.8|state:19.6|us:17.4}"", ""rent_median"": ""{county:1247|state:1315|us:1096}"", ""units_10_19"": ""{county:6.0|state:4.2|us:4.3}"", ""value_median"": ""{county:427900|state:325000|us:229800}"", ""housing_total"": ""{county:533434|state:8362971|us:138432751}"", ""housing_units"": ""{county:533434|state:8362971|us:138432751}"", ""race_hispanic"": ""{county:56.0|state:19.1|us:18.2}"", ""units_20_more"": ""{county:61.8|state:24.2|us:9.4}"", ""rent_1500_1999"": ""{county:22.3|state:19.3|us:14.9}"", ""built_1940_1949"": ""{county:10.2|state:8.0|us:4.8}"", ""occupied_renter"": ""{county:79.9|state:45.9|us:35.6}"", ""built_1939_earlier"": ""{county:37.5|state:31.7|us:12.4}"", ""in_education_health"": ""{county:33.7|state:28.3|us:23.3}"", ""value_300000_499999"": ""{county:31.6|state:22.3|us:20.5}"", ""value_500000_999999"": ""{county:33.7|state:22.5|us:12.3}"", ""ancestry_west_indian"": ""{county:7.0|state:4.0|us:0.9}"", ""ancestry_subsaharan_african"": ""{county:5.4|state:1.4|us:1.2}""}"	"[{""McDonald's"" : ""18""}, {""United States Postal Service"" : ""16""}, {""Dunkin'"" : ""15""}, {""Citi Bike"" : ""12""}, {""Chase"" : ""10""}, {""Popeyes"" : ""7""}, {""Burger King"" : ""6""}, {""Dunkin' Donuts"" : ""6""}, {""Walgreens"" : ""6""}, {""BP"" : ""6""}, {""Rite Aid"" : ""6""}, {""C-Town Supermarkets"" : ""5""}, {""Starbucks"" : ""5""}, {""Boost Mobile"" : ""5""}, {""Dollar Tree"" : ""5""}, {""USPS"" : ""4""}, {""Texas Chicken & Burgers"" : ""4""}, {""TD Bank"" : ""4""}, {""Little Caesars"" : ""4""}, {""Subway"" : ""4""}, {""7-Eleven"" : ""4""}, {""Capital One"" : ""4""}, {""T-Mobile"" : ""4""}, {""Blink Fitness"" : ""3""}, {""Apple Bank"" : ""3""}, {""Planet Fitness"" : ""3""}, {""Taco Bell"" : ""3""}, {""Gulf"" : ""3""}, {""Wendy's"" : ""3""}, {""United States Post Office"" : ""3""}, {""U-Haul"" : ""3""}, {""CityMD"" : ""2""}, {""ALDI"" : ""2""}, {""Applebee's Neighborhood Grill & Bar"" : ""2""}, {""Boston Market"" : ""2""}, {""Bravo"" : ""2""}, {""CVS Pharmacy"" : ""2""}, {""GameStop"" : ""2""}, {""GNC"" : ""2""}, {""Little Free Library"" : ""2""}, {""Metro by T-Mobile"" : ""2""}, {""Mobil"" : ""2""}, {""Petco"" : ""2""}, {""Public Storage"" : ""2""}, {""Retro Fitness"" : ""2""}, {""Speedway"" : ""2""}, {""Stop & Shop"" : ""2""}, {""Sunoco"" : ""2""}, {""The Home Depot"" : ""2""}, {""White Castle"" : ""2""}, {""Men's Wearhouse"" : ""1""}, {""Best Western"" : ""1""}, {""Uniqlo"" : ""1""}, {""Modell's Sporting Goods"" : ""1""}, {""Nationwide"" : ""1""}, {""Old Navy"" : ""1""}, {""Outback Steakhouse"" : ""1""}, {""Panda Express"" : ""1""}, {""Panera Bread"" : ""1""}, {""P. C. Richard & Son"" : ""1""}, {""Bank of America"" : ""1""}, {""Duane Reade"" : ""1""}, {""Domino's"" : ""1""}, {""AutoZone"" : ""1""}, {""Real"" : ""1""}, {""Redbox"" : ""1""}, {""Rent-A-Center"" : ""1""}, {""Residence Inn"" : ""1""}, {""AT&T"" : ""1""}, {""Dollar General"" : ""1""}, {""Shell"" : ""1""}, {""Sherwin-Williams"" : ""1""}, {""Smashburger"" : ""1""}, {""AMC"" : ""1""}, {""Dero"" : ""1""}, {""Wells Fargo"" : ""1""}, {""Citibank"" : ""1""}, {""Advance Auto Parts"" : ""1""}, {""Super 8"" : ""1""}, {""Chipotle"" : ""1""}, {""Target"" : ""1""}, {""Chevrolet"" : ""1""}, {""Tesla Supercharger"" : ""1""}, {""Checkers"" : ""1""}, {""Western Union"" : ""1""}, {""Golden Krust Caribbean Bakery & Grill"" : ""1""}, {""Foot Locker"" : ""1""}, {""Harbor Freight Tools"" : ""1""}, {""Hard Rock Cafe"" : ""1""}, {""H&R Block"" : ""1""}, {""IHOP"" : ""1""}, {""JCPenney"" : ""1""}, {""Enterprise"" : ""1""}, {""Carvel"" : ""1""}, {""Mail Boxes Etc."" : ""1""}, {""DXL Men's Apparel"" : ""1""}]"
6	Champaign County	Illinois	12.7	205,469	205,943	-396	474	80	"{""rooms_1"": ""{county:9.7|state:2.6|us:2.3}"", ""age_15_19"": ""{county:10.2|state:6.5|us:6.5}"", ""age_20_24"": ""{county:15.8|state:6.6|us:6.7}"", ""units_5_9"": ""{county:7.2|state:6.3|us:4.6}"", ""class_govt"": ""{county:27.9|state:12.2|us:13.9}"", ""race_asian"": ""{county:10.9|state:5.6|us:5.6}"", ""units_10_19"": ""{county:10.6|state:3.8|us:4.3}"", ""units_20_more"": ""{county:14.1|state:10.8|us:9.4}"", ""edu_grad_degree"": ""{county:23.9|state:13.9|us:12.7}"", ""job_bus_sci_art"": ""{county:47.6|state:39.8|us:39.5}"", ""occupied_renter"": ""{county:46.9|state:33.7|us:35.6}"", ""edu_bachelor_higher"": ""{county:45.0|state:35.5|us:32.9}"", ""in_education_health"": ""{county:39.7|state:23.3|us:23.3}""}"	"[{""Subway"" : ""9""}, {""Dero"" : ""8""}, {""CVS Pharmacy"" : ""7""}, {""Starbucks"" : ""6""}, {""Jimmy John's"" : ""6""}, {""Walgreens"" : ""6""}, {""UPS"" : ""5""}, {""Circle K"" : ""5""}, {""Dollar General"" : ""4""}, {""Casey's General Store"" : ""4""}, {""Redbox"" : ""4""}, {""Chase"" : ""4""}, {""Mobil"" : ""4""}, {""McDonald's"" : ""3""}, {""Great Clips"" : ""3""}, {""State Farm"" : ""3""}, {""Busey Bank"" : ""3""}, {""Einstein Bros. Bagels"" : ""3""}, {""Caribou Coffee"" : ""2""}, {""The UPS Store"" : ""2""}, {""Edward Jones"" : ""2""}, {""Thorntons"" : ""2""}, {""Chipotle"" : ""2""}, {""Dunkin'"" : ""2""}, {""NAPA Auto Parts"" : ""2""}, {""Little Free Library"" : ""2""}, {""PNC Bank"" : ""2""}, {""Coca-cola"" : ""2""}, {""Shell"" : ""2""}, {""Verizon"" : ""2""}, {""AT&T"" : ""2""}, {""Schnucks"" : ""2""}, {""Walmart"" : ""2""}, {""Coinstar"" : ""2""}, {""Meijer"" : ""2""}, {""GNC"" : ""2""}, {""Ace Hardware"" : ""2""}, {""F&S"" : ""1""}, {""GameStop"" : ""1""}, {""Gordmans"" : ""1""}, {""Harbor Freight Tools"" : ""1""}, {""Health Mart"" : ""1""}, {""H&R Block"" : ""1""}, {""HuHot"" : ""1""}, {""Insomnia Cookies"" : ""1""}, {""JCPenney"" : ""1""}, {""Jenny Craig"" : ""1""}, {""JoS. A. Bank"" : ""1""}, {""KFC"" : ""1""}, {""Knights of Columbus"" : ""1""}, {""Kohl's"" : ""1""}, {""Long John Silver's"" : ""1""}, {""Macy's"" : ""1""}, {""Marble Slab Creamery"" : ""1""}, {""Mattress Firm"" : ""1""}, {""Moe's Southwest Grill"" : ""1""}, {""Mueller"" : ""1""}, {""Murphy USA"" : ""1""}, {""Noodles & Company"" : ""1""}, {""Nothing Bundt Cakes"" : ""1""}, {""Oberweis"" : ""1""}, {""Office Depot"" : ""1""}, {""OneMain Financial"" : ""1""}, {""Orangetheory Fitness"" : ""1""}, {""O'Reilly Auto Parts"" : ""1""}, {""Panda Express"" : ""1""}, {""Panera Bread"" : ""1""}, {""Papa John's"" : ""1""}, {""Papa Murphy's"" : ""1""}, {""Penn Station"" : ""1""}, {""Popeyes"" : ""1""}, {""Qdoba"" : ""1""}, {""Quest Diagnostics"" : ""1""}, {""Red Robin"" : ""1""}, {""Red Wing"" : ""1""}, {""Regal Nails"" : ""1""}, {""Rent-A-Center"" : ""1""}, {""Rural King"" : ""1""}, {""Sally Beauty"" : ""1""}, {""Seva Beauty"" : ""1""}, {""Sport Clips"" : ""1""}, {""Steak 'n Shake"" : ""1""}, {""Supercuts"" : ""1""}, {""Taco John's"" : ""1""}, {""Talbots"" : ""1""}, {""Target"" : ""1""}, {""TCBY"" : ""1""}, {""Tesla Supercharger"" : ""1""}, {""The Vitamin Shoppe"" : ""1""}, {""Tiger Sugar"" : ""1""}, {""TJ Maxx"" : ""1""}, {""T-Mobile"" : ""1""}, {""Tropical Smoothie Cafe"" : ""1""}, {""U-Haul"" : ""1""}, {""University of Illinois"" : ""1""}, {""Veterans of Foreign Wars of the United States"" : ""1""}, {""Wienerschnitzel"" : ""1""}, {""Wingstop"" : ""1""}, {""Woodforest National Bank"" : ""1""}, {""Zipcar"" : ""1""}, {""Allpoint"" : ""1""}, {""Applebee's Neighborhood Grill & Bar"" : ""1""}, {""AutoZone"" : ""1""}, {""A&W"" : ""1""}, {""Babies R Us"" : ""1""}, {""Barnes & Noble"" : ""1""}, {""Baskin-Robbins"" : ""1""}, {""Bed Bath & Beyond"" : ""1""}, {""Big Lots"" : ""1""}, {""Blaze Pizza"" : ""1""}, {""Boost Mobile"" : ""1""}, {""BP"" : ""1""}, {""Buffalo Wild Wings"" : ""1""}, {""Burger King"" : ""1""}, {""ChargePoint"" : ""1""}, {""Check Into Cash"" : ""1""}, {""Chico's"" : ""1""}, {""Cold Stone Creamery"" : ""1""}, {""Costco"" : ""1""}, {""Cost Cutters"" : ""1""}, {""County Market"" : ""1""}, {""Cricket Wireless"" : ""1""}, {""David's Bridal"" : ""1""}, {""Dick's Sporting Goods"" : ""1""}, {""Disc Replay"" : ""1""}, {""Dollar Tree"" : ""1""}, {""Domino's"" : ""1""}, {""Domino's Pizza"" : ""1""}, {""Dunkin' Donuts"" : ""1""}, {""DXL Men's Apparel"" : ""1""}, {""Farmers Insurance"" : ""1""}, {""Fastenal"" : ""1""}, {""FedEx"" : ""1""}, {""First Financial Bank"" : ""1""}, {""Five Guys"" : ""1""}, {""Ford, Chrysler, Dodge, Jeep, Ram"" : ""1""}]"
7	Lee County	Alabama	12.6	174,601	177,218	360	2,617	113	"{""rooms_1"": ""{county:6.8|state:1.5|us:2.3}"", ""age_20_24"": ""{county:13.1|state:6.6|us:6.7}"", ""built_1990_1999"": ""{county:25.5|state:18.1|us:13.9}"", ""built_2010_2013"": ""{county:7.4|state:3.9|us:2.7}"", ""edu_grad_degree"": ""{county:16.4|state:9.9|us:12.7}"", ""in_education_health"": ""{county:31.3|state:22.7|us:23.3}""}"	"[{""Subway"" : ""4""}, {""CVS Pharmacy"" : ""4""}, {""Starbucks"" : ""4""}, {""Dero"" : ""3""}, {""Circle K"" : ""2""}, {""State Farm"" : ""2""}, {""Verizon"" : ""2""}, {""Hardee's"" : ""2""}, {""Marathon"" : ""2""}, {""Shell"" : ""2""}, {""BurgerFi"" : ""2""}, {""Chipotle"" : ""2""}, {""Taco Bell"" : ""2""}, {""Papa John's"" : ""2""}, {""McDonald's"" : ""2""}, {""Cracker Barrel"" : ""1""}, {""Days Inn"" : ""1""}, {""Dillard's"" : ""1""}, {""Dollar General"" : ""1""}, {""Domino's"" : ""1""}, {""Dunkin' Donuts"" : ""1""}, {""Enterprise"" : ""1""}, {""Express Oil Change & Tire Engineers"" : ""1""}, {""Exxon"" : ""1""}, {""Family Dollar"" : ""1""}, {""Farmers Insurance"" : ""1""}, {""Firehouse Subs"" : ""1""}, {""Five Guys"" : ""1""}, {""Foot Locker"" : ""1""}, {""GameStop"" : ""1""}, {""Great Clips"" : ""1""}, {""Guthrie's"" : ""1""}, {""Hallmark"" : ""1""}, {""Harbor Freight Tools"" : ""1""}, {""Hibbett Sports"" : ""1""}, {""Jersey Mike's Subs"" : ""1""}, {""Jimmy John's"" : ""1""}, {""Journeys"" : ""1""}, {""Kroger"" : ""1""}, {""Kung Fu Tea"" : ""1""}, {""Loft"" : ""1""}, {""Marble Slab Creamery"" : ""1""}, {""Mellow Mushroom"" : ""1""}, {""Moe's Southwest Grill"" : ""1""}, {""Motel 6"" : ""1""}, {""Orangetheory Fitness"" : ""1""}, {""Palm Beach Tan"" : ""1""}, {""Panda Express"" : ""1""}, {""Panera Bread"" : ""1""}, {""Party City"" : ""1""}, {""Petco"" : ""1""}, {""Plato's Closet"" : ""1""}, {""PNC Bank"" : ""1""}, {""RaceWay"" : ""1""}, {""Redbox"" : ""1""}, {""Ruby Tuesday"" : ""1""}, {""Sprint"" : ""1""}, {""TCBY"" : ""1""}, {""Tesla Supercharger"" : ""1""}, {""Travelodge"" : ""1""}, {""Ulta Beauty"" : ""1""}, {""Valero"" : ""1""}, {""Verizon Wireless"" : ""1""}, {""Waffle House"" : ""1""}, {""Walgreens"" : ""1""}, {""Walmart"" : ""1""}, {""Whataburger"" : ""1""}, {""American Eagle Outfitters"" : ""1""}, {""World Market"" : ""1""}, {""Anytime Fitness"" : ""1""}, {""AT&T"" : ""1""}, {""Bath & Body Works"" : ""1""}, {""BBVA"" : ""1""}, {""Belk"" : ""1""}, {""Big Lots"" : ""1""}, {""Bojangles'"" : ""1""}, {""BP"" : ""1""}, {""Burger King"" : ""1""}, {""Cheeburger Cheeburger"" : ""1""}, {""Chevron"" : ""1""}, {""Chicken Salad Chick"" : ""1""}, {""Chick-fil-A"" : ""1""}, {""Cicis"" : ""1""}]"
7	Clarke County	Georgia	12.6	128,489	128,711	-182	222	417	"{""units_2"": ""{county:7.0|state:2.1|us:3.5}"", ""age_15_19"": ""{county:10.9|state:7.0|us:6.5}"", ""age_20_24"": ""{county:17.5|state:6.8|us:6.7}"", ""age_25_34"": ""{county:16.5|state:13.9|us:13.9}"", ""units_3_4"": ""{county:6.7|state:2.9|us:4.3}"", ""units_5_9"": ""{county:8.0|state:4.4|us:4.6}"", ""units_10_19"": ""{county:9.7|state:4.6|us:4.3}"", ""ancestry_arab"": ""{county:0.8|state:0.3|us:0.6}"", ""units_20_more"": ""{county:10.0|state:6.5|us:9.4}"", ""edu_grad_degree"": ""{county:23.0|state:12.5|us:12.7}"", ""occupied_renter"": ""{county:59.5|state:36.0|us:35.6}"", ""edu_bachelor_higher"": ""{county:45.4|state:32.2|us:32.9}"", ""in_education_health"": ""{county:33.8|state:20.9|us:23.3}""}"	"[{""Dero"" : ""5""}, {""Marathon"" : ""2""}, {""Shell"" : ""2""}, {""Valero"" : ""2""}, {""Planet Fitness"" : ""2""}, {""Belk"" : ""1""}, {""Ben & Jerry's"" : ""1""}, {""ChargePoint"" : ""1""}, {""Chase"" : ""1""}, {""Chevron"" : ""1""}, {""Chick-fil-A"" : ""1""}, {""Cricket Wireless"" : ""1""}, {""CrossFit"" : ""1""}, {""CVS Pharmacy"" : ""1""}, {""Edward Jones"" : ""1""}, {""Enterprise"" : ""1""}, {""European Wax Center"" : ""1""}, {""Express Oil Change & Tire Engineers"" : ""1""}, {""Family Dollar"" : ""1""}, {""GameStop"" : ""1""}, {""Great Clips"" : ""1""}, {""Hilton Garden Inn"" : ""1""}, {""Insomnia Cookies"" : ""1""}, {""JCPenney"" : ""1""}, {""Jimmy John's"" : ""1""}, {""Kroger"" : ""1""}, {""Little Free Library"" : ""1""}, {""Macy's"" : ""1""}, {""Mellow Mushroom"" : ""1""}, {""Penske Truck Rental"" : ""1""}, {""Pita Pit"" : ""1""}, {""Publix"" : ""1""}, {""Sears"" : ""1""}, {""Sherwin-Williams"" : ""1""}, {""Smoothie King"" : ""1""}, {""Starbucks"" : ""1""}, {""Subway"" : ""1""}, {""Sub Zero"" : ""1""}, {""SunTrust"" : ""1""}, {""Target"" : ""1""}, {""Taziki's Mediterranean Cafe"" : ""1""}, {""T-Mobile"" : ""1""}, {""Travelodge"" : ""1""}, {""United States Post Office"" : ""1""}, {""Urban Outfitters"" : ""1""}, {""ALDI"" : ""1""}, {""Waffle House"" : ""1""}, {""Anytime Fitness"" : ""1""}, {""AutoZone"" : ""1""}, {""Barnes & Noble"" : ""1""}, {""Bealls"" : ""1""}]"
8	Navajo County	Arizona	12.4	106,802	108,147	85	1,345	4	"{""rooms_1"": ""{county:4.9|state:2.7|us:2.3}"", ""class_govt"": ""{county:32.5|state:13.8|us:13.9}"", ""race_native"": ""{county:43.9|state:4.3|us:0.8}"", ""housing_vacant"": ""{county:37.5|state:13.1|us:11.6}"", ""built_2000_2009"": ""{county:24.7|state:23.4|us:13.6}"", ""in_education_health"": ""{county:32.8|state:22.0|us:23.3}"", ""edu_college_nodegree"": ""{county:29.7|state:24.9|us:20.3}""}"	"[{""Speedway"" : ""16""}, {""Subway"" : ""4""}, {""Circle K"" : ""3""}, {""Conoco"" : ""2""}, {""Taco Bell"" : ""2""}, {""Bashas'"" : ""2""}, {""Family Dollar"" : ""2""}, {""Domino's"" : ""1""}, {""Holiday Inn Express"" : ""1""}, {""KFC"" : ""1""}, {""Little Caesars"" : ""1""}, {""Little Free Library"" : ""1""}, {""McDonald's"" : ""1""}, {""O'Reilly Auto Parts"" : ""1""}, {""Pizza Factory"" : ""1""}, {""Pizza Hut"" : ""1""}, {""Safeway"" : ""1""}, {""Starbucks"" : ""1""}, {""Tesla Supercharger"" : ""1""}, {""Tractor Supply Company"" : ""1""}, {""Ace Hardware"" : ""1""}, {""Verizon"" : ""1""}, {""Allstate"" : ""1""}, {""Americas Best Value Inn"" : ""1""}, {""A&W"" : ""1""}, {""Burger King"" : ""1""}, {""Carl's Jr."" : ""1""}, {""Dollar General"" : ""1""}]"
9	Ouachita Parish	Louisiana	12.0	160,003	158,768	-365	-1,235	100	"{""race_black"": ""{county:37.6|state:32.2|us:12.6}"", ""in_information"": ""{county:3.8|state:1.5|us:2.0}""}"	"[{""Walmart"" : ""4""}, {""Chevron"" : ""3""}, {""Office Depot"" : ""2""}, {""GameStop"" : ""2""}, {""Little Caesars"" : ""2""}, {""Coinstar"" : ""2""}, {""Redbox"" : ""2""}, {""Boost Mobile"" : ""1""}, {""Brookshire's"" : ""1""}, {""Brookshire's Pharmacy"" : ""1""}, {""Buffalo Wild Wings"" : ""1""}, {""Cato"" : ""1""}, {""Church's Chicken"" : ""1""}, {""Cinemark"" : ""1""}, {""Cricket Wireless"" : ""1""}, {""CVS Pharmacy"" : ""1""}, {""Dick's Sporting Goods"" : ""1""}, {""Dillard's"" : ""1""}, {""Dollar General"" : ""1""}, {""Dollar Tree"" : ""1""}, {""Domino's"" : ""1""}, {""Edward Jones"" : ""1""}, {""Goodwill"" : ""1""}, {""Harbor Freight Tools"" : ""1""}, {""Harley"" : ""1""}, {""Hobby Lobby"" : ""1""}, {""Jackson Hewitt"" : ""1""}, {""JCPenney"" : ""1""}, {""Lowe's"" : ""1""}, {""Old Navy"" : ""1""}, {""Pizza Hut"" : ""1""}, {""Planet Fitness"" : ""1""}, {""Raising Cane's"" : ""1""}, {""Rent-A-Center"" : ""1""}, {""Sally Beauty"" : ""1""}, {""Smoothie King"" : ""1""}, {""Sonic"" : ""1""}, {""Sprint"" : ""1""}, {""State Farm"" : ""1""}, {""Subway"" : ""1""}, {""Tesla Supercharger"" : ""1""}, {""The UPS Store"" : ""1""}, {""Aaron's"" : ""1""}, {""Wingstop"" : ""1""}, {""Academy Sports + Outdoors"" : ""1""}, {""ACE Cash Express"" : ""1""}, {""Allstate"" : ""1""}, {""AT&T"" : ""1""}, {""Baskin-Robbins"" : ""1""}, {""Big Lots"" : ""1""}]"
10	Philadelphia County	Pennsylvania	11.8	1,601,005	1,576,251	-2,792	-24,754	4,530	"{""pop2020"": ""{county:1581531|state:12794885|us:326569308}"", ""rooms_6"": ""{county:25.7|state:20.9|us:17.8}"", ""units_2"": ""{county:7.9|state:4.3|us:3.5}"", ""age_25_34"": ""{county:19.1|state:13.2|us:13.9}"", ""race_asian"": ""{county:7.4|state:3.5|us:5.6}"", ""race_black"": ""{county:41.4|state:11.1|us:12.6}"", ""housing_total"": ""{county:689121|state:5713345|us:138432751}"", ""housing_units"": ""{county:689121|state:5713345|us:138432751}"", ""units_20_more"": ""{county:13.3|state:6.4|us:9.4}"", ""built_1940_1949"": ""{county:11.2|state:7.2|us:4.8}"", ""occupied_renter"": ""{county:47.2|state:31.0|us:35.6}"", ""units_1_attached"": ""{county:58.2|state:18.6|us:5.9}"", ""ancestry_ukranian"": ""{county:0.9|state:0.8|us:0.3}"", ""built_1939_earlier"": ""{county:41.3|state:25.9|us:12.4}"", ""in_education_health"": ""{county:31.5|state:26.2|us:23.3}"", ""ancestry_west_indian"": ""{county:2.2|state:0.7|us:0.9}""}"	"[{""Dunkin'"" : ""38""}, {""Rite Aid"" : ""37""}, {""Starbucks"" : ""34""}, {""CVS Pharmacy"" : ""24""}, {""Wawa"" : ""21""}, {""7-Eleven"" : ""21""}, {""Family Dollar"" : ""20""}, {""PNC Bank"" : ""20""}, {""Indego"" : ""20""}, {""Dollar Tree"" : ""19""}, {""Dunkin' Donuts"" : ""17""}, {""McDonald's"" : ""17""}, {""Citizens Bank"" : ""15""}, {""Dollar General"" : ""14""}, {""Subway"" : ""14""}, {""Wells Fargo"" : ""14""}, {""T-Mobile"" : ""13""}, {""Sunoco"" : ""12""}, {""Bank of America"" : ""11""}, {""Dero"" : ""11""}, {""Checkers"" : ""11""}, {""Save-A-Lot"" : ""11""}, {""AutoZone"" : ""10""}, {""Walgreens"" : ""10""}, {""Wendy's"" : ""9""}, {""Santander"" : ""9""}, {""TD Bank"" : ""9""}, {""KFC"" : ""8""}, {""Chipotle"" : ""8""}, {""United States Post Office"" : ""8""}, {""Amazon Hub"" : ""8""}, {""Metro by T-Mobile"" : ""7""}, {""Little Caesars"" : ""7""}, {""Fine Wine & Good Spirits"" : ""7""}, {""Speedway"" : ""6""}, {""Rita's Italian Ice"" : ""6""}, {""BP"" : ""6""}, {""Enterprise"" : ""6""}, {""ShopRite"" : ""5""}, {""Pizza Hut"" : ""5""}, {""Così"" : ""5""}, {""ALDI"" : ""5""}, {""Philly Pretzel Factory"" : ""5""}, {""GameStop"" : ""5""}, {""UPS"" : ""5""}, {""Sherwin-Williams"" : ""5""}, {""Au Bon Pain"" : ""5""}, {""Verizon"" : ""5""}, {""Popeyes"" : ""5""}, {""Acme"" : ""5""}, {""The UPS Store"" : ""4""}, {""GNC"" : ""4""}, {""Gap"" : ""4""}, {""Five Below"" : ""4""}, {""USPS"" : ""4""}, {""Planet Fitness"" : ""4""}, {""Wingstop"" : ""4""}, {""Republic Bank"" : ""4""}, {""Boston Market"" : ""4""}, {""Domino's"" : ""4""}, {""Pep Boys"" : ""4""}, {""Burlington"" : ""4""}, {""Lukoil"" : ""4""}, {""La Colombe Coffee Roasters"" : ""4""}, {""Sprint"" : ""4""}, {""Chase"" : ""4""}, {""Target"" : ""4""}, {""H&R Block"" : ""4""}, {""Zipcar"" : ""3""}, {""APlus"" : ""3""}, {""AT&T"" : ""3""}, {""Blaze Pizza"" : ""3""}, {""Boost Mobile"" : ""3""}, {""Burger King"" : ""3""}, {""Chick-fil-A"" : ""3""}, {""Conoco"" : ""3""}, {""DaVita Dialysis"" : ""3""}, {""FedEx"" : ""3""}, {""Giant"" : ""3""}, {""Hair Cuttery"" : ""3""}, {""H&M"" : ""3""}, {""Hudson"" : ""3""}, {""Kiehl's"" : ""3""}, {""Loft"" : ""3""}, {""Mattress Firm"" : ""3""}, {""Panera Bread"" : ""3""}, {""PetSmart"" : ""3""}, {""Qdoba"" : ""3""}, {""Raymour & Flanigan"" : ""3""}, {""RBC"" : ""3""}, {""Ross"" : ""3""}, {""Shake Shack"" : ""3""}, {""Staples"" : ""3""}, {""Taco Bell"" : ""3""}, {""U-Haul"" : ""3""}, {""WSFS Bank"" : ""3""}, {""Tesla, Inc."" : ""2""}, {""Texas Chicken & Burgers"" : ""2""}, {""The Cheesecake Factory"" : ""2""}, {""LabCorp"" : ""2""}, {""bluemercury"" : ""2""}, {""Baskin-Robbins"" : ""2""}, {""Good 2 Go"" : ""2""}, {""Old Navy"" : ""2""}, {""TJ Maxx"" : ""2""}, {""Blink"" : ""2""}, {""Trader Joe's"" : ""2""}, {""Potbelly"" : ""2""}, {""Foot Locker"" : ""2""}, {""Barnes & Noble"" : ""2""}, {""Le Pain Quotidien"" : ""2""}, {""America's Best Contacts & Eyeglasses"" : ""2""}, {""Unleashed"" : ""2""}, {""Western Union"" : ""2""}, {""Panda Express"" : ""2""}, {""Marshalls"" : ""2""}, {""AMC"" : ""2""}, {""Liberty"" : ""2""}, {""Jimmy John's"" : ""2""}, {""Five Guys"" : ""2""}, {""Banana Republic"" : ""2""}, {""Paris Baguette"" : ""2""}, {""Rent-A-Center"" : ""2""}, {""Joe's Kwik Marts"" : ""2""}, {""State Farm"" : ""2""}, {""Retro Fitness"" : ""2""}, {""Auntie Anne's"" : ""2""}, {""Hertz"" : ""2""}, {""Visionworks"" : ""2""}, {""Insomnia Cookies"" : ""2""}, {""eVgo"" : ""2""}, {""Advance Auto Parts"" : ""2""}, {""Hallmark"" : ""2""}, {""Exxon"" : ""2""}, {""Applebee's Neighborhood Grill & Bar"" : ""2""}, {""Sally Beauty"" : ""2""}, {""FedEx Office"" : ""2""}, {""Canopy"" : ""1""}, {""Lush"" : ""1""}, {""MAACO"" : ""1""}, {""MAC Cosmetics"" : ""1""}, {""Manhattan Bagel"" : ""1""}, {""Aldi"" : ""1""}, {""Mavis Discount Tire"" : ""1""}, {""Camper"" : ""1""}, {""McMenamins"" : ""1""}, {""California Pizza Kitchen"" : ""1""}, {""Modell's Sporting Goods"" : ""1""}, {""MOM's Organic Market"" : ""1""}, {""Morton's The Steakhouse"" : ""1""}, {""New Balance"" : ""1""}, {""Next"" : ""1""}, {""OneMain Financial"" : ""1""}, {""Orangetheory Fitness"" : ""1""}, {""Pandora"" : ""1""}, {""Airgas"" : ""1""}, {""Papa John's"" : ""1""}, {""Paper Source"" : ""1""}, {""Party City"" : ""1""}, {""BurgerFi"" : ""1""}, {""west elm"" : ""1""}, {""Pet Valu"" : ""1""}, {""Brooks Brothers"" : ""1""}, {""Books-A-Million"" : ""1""}, {""Bloomingdale's"" : ""1""}, {""Polo Ralph Lauren"" : ""1""}, {""Produce Junction"" : ""1""}, {""Public Storage"" : ""1""}, {""Quest Diagnostics"" : ""1""}, {""Rainbow"" : ""1""}, {""Whole Foods Market"" : ""1""}, {""Williams-Sonoma"" : ""1""}, {""Redbox"" : ""1""}, {""Red Wing"" : ""1""}, {""Big Lots"" : ""1""}, {""Best Buy"" : ""1""}, {""Ben & Jerry's"" : ""1""}, {""Roses"" : ""1""}, {""Ruth's Chris Steak House"" : ""1""}, {""Sam Ash Music Stores"" : ""1""}, {""Bath & Body Works"" : ""1""}, {""Sbarro"" : ""1""}, {""Sears"" : ""1""}, {""Sephora"" : ""1""}, {""World Gym"" : ""1""}, {""Shell"" : ""1""}, {""Shoe Carnival"" : ""1""}, {""Banfield Pet Hospital"" : ""1""}, {""SIXT"" : ""1""}, {""Sleep Inn"" : ""1""}, {""Smashburger"" : ""1""}, {""Smoothie King"" : ""1""}, {""Snipes"" : ""1""}, {""Avis"" : ""1""}, {""Ace Hardware"" : ""1""}, {""Aveda"" : ""1""}, {""Steve Madden"" : ""1""}, {""Sunglass Hut"" : ""1""}, {""Athleta"" : ""1""}, {""Supercuts"" : ""1""}, {""Xfinity"" : ""1""}, {""Talbots"" : ""1""}, {""AOKI"" : ""1""}, {""The Fresh Market"" : ""1""}, {""The Melting Pot"" : ""1""}, {""Anthropologie"" : ""1""}, {""Thrifty"" : ""1""}, {""Tiffany & Company"" : ""1""}, {""Ann Taylor"" : ""1""}, {""Trek"" : ""1""}, {""Tumi"" : ""1""}, {""Zara"" : ""1""}, {""Uniqlo"" : ""1""}, {""UNTUCKit"" : ""1""}, {""Club Monaco"" : ""1""}, {""Urban Outfitters"" : ""1""}, {""Allstate"" : ""1""}, {""dd's Discounts"" : ""1""}, {""Dick's Sporting Goods"" : ""1""}, {""Dig"" : ""1""}, {""David's Bridal"" : ""1""}, {""Dave & Buster's"" : ""1""}, {""CSL Plasma"" : ""1""}, {""Domino's Pizza"" : ""1""}, {""DSW"" : ""1""}, {""Crowne Plaza"" : ""1""}, {""Cricket Wireless"" : ""1""}, {""Edible Arrangements"" : ""1""}, {""CorePower Yoga"" : ""1""}, {""Express"" : ""1""}, {""Extra Space Storage"" : ""1""}, {""Columbia"" : ""1""}, {""Victoria's Secret"" : ""1""}, {""American Freight"" : ""1""}, {""Firestone"" : ""1""}, {""claire's"" : ""1""}, {""FlixBus"" : ""1""}, {""Four Seasons"" : ""1""}, {""Free People"" : ""1""}, {""FYE"" : ""1""}, {""Citibank"" : ""1""}, {""Citgo"" : ""1""}, {""Geek Squad"" : ""1""}, {""Getty"" : ""1""}, {""VINCE."" : ""1""}, {""Cinemark"" : ""1""}, {""Goodwill"" : ""1""}, {""Guess"" : ""1""}, {""Harbor Freight Tools"" : ""1""}, {""Hard Rock Cafe"" : ""1""}, {""Hawthorn Suites"" : ""1""}, {""Hilton"" : ""1""}, {""Wahoo's Fish Taco"" : ""1""}, {""H Mart"" : ""1""}, {""China Wok"" : ""1""}, {""HSBC"" : ""1""}, {""Allen Edmonds"" : ""1""}, {""Chili's"" : ""1""}, {""Jamba Juice"" : ""1""}, {""J.Crew"" : ""1""}, {""Jersey Mike's Subs"" : ""1""}, {""JOANN Fabrics and Crafts"" : ""1""}, {""JoS. A. Bank"" : ""1""}, {""Charles Schwab"" : ""1""}, {""Walmart"" : ""1""}, {""Kung Fu Tea"" : ""1""}, {""Century 21"" : ""1""}, {""LA Fitness"" : ""1""}, {""Liberty Tax"" : ""1""}, {""Liberty Travel"" : ""1""}, {""Capital One"" : ""1""}, {""Little Free Library"" : ""1""}, {""L'Occitane"" : ""1""}, {""Aldo"" : ""1""}]"
