rank	name	state	edu_9_12	popestimate2020	popestimate2021	npopchg2020	npopchg2021	pop_sqkm	zscore_1_65	brand
1	Robeson County	North Carolina	15.2	116,361	116,328	-169	-33	47	"{""rooms_5"": ""{county:35.4|state:22.3|us:19.3}"", ""edu_9_12"": ""{county:15.2|state:7.2|us:6.6}"", ""race_native"": ""{county:40.2|state:1.2|us:0.8}"", ""units_mobile"": ""{county:36.9|state:12.4|us:6.0}"", ""ancestry_american"": ""{county:25.6|state:10.4|us:5.9}""}"	"[{""Dollar General"" : ""5""}, {""Family Dollar"" : ""5""}, {""Walmart"" : ""4""}, {""BP"" : ""4""}, {""McDonald's"" : ""3""}, {""AutoZone"" : ""3""}, {""Food Lion"" : ""3""}, {""Waffle House"" : ""3""}, {""NAPA Auto Parts"" : ""3""}, {""Hardee's"" : ""2""}, {""Burger King"" : ""2""}, {""Gulf"" : ""2""}, {""Marathon"" : ""2""}, {""Subway"" : ""2""}, {""Sunoco"" : ""2""}, {""Pizza Hut"" : ""2""}, {""Advance Auto Parts"" : ""2""}, {""Kwik Shop"" : ""1""}, {""Lowe's"" : ""1""}, {""Mattress Firm"" : ""1""}, {""Mobil"" : ""1""}, {""Panera Bread"" : ""1""}, {""Piggly Wiggly"" : ""1""}, {""Pure"" : ""1""}, {""Roses"" : ""1""}, {""Ruby Tuesday"" : ""1""}, {""Shell"" : ""1""}, {""Starbucks"" : ""1""}, {""Super 8"" : ""1""}, {""Taco Bell"" : ""1""}, {""Truist"" : ""1""}, {""United States Post Office"" : ""1""}, {""Verizon"" : ""1""}, {""Walgreens"" : ""1""}, {""Tesla Supercharger"" : ""1""}, {""BB&T"" : ""1""}, {""Chick-fil-A"" : ""1""}, {""CVS"" : ""1""}, {""CVS Pharmacy"" : ""1""}, {""Days Inn"" : ""1""}, {""Denny's"" : ""1""}, {""Dollar Tree"" : ""1""}, {""Domino's"" : ""1""}, {""GameStop"" : ""1""}, {""Golden Corral"" : ""1""}, {""Goody's"" : ""1""}, {""Honda"" : ""1""}, {""IGA"" : ""1""}, {""IHOP"" : ""1""}, {""Kay Jewelers"" : ""1""}, {""KFC"" : ""1""}]"
2	Imperial County	California	14.8	179,489	179,851	-213	362	17	"{""edu_9_12"": ""{county:14.8|state:7.2|us:6.6}"", ""units_3_4"": ""{county:6.8|state:5.4|us:4.3}"", ""units_5_9"": ""{county:7.7|state:5.9|us:4.6}"", ""edu_9_less"": ""{county:15.0|state:8.9|us:4.9}"", ""race_mixed"": ""{county:10.8|state:7.9|us:5.2}"", ""unemployed"": ""{county:7.0|state:3.9|us:3.4}"", ""age_5_under"": ""{county:8.0|state:6.1|us:6.0}"", ""age_under18"": ""{county:28.7|state:22.8|us:22.4}"", ""job_service"": ""{county:26.8|state:18.1|us:17.4}"", ""race_hispanic"": ""{county:84.7|state:39.1|us:18.2}"", ""value_200000_299999"": ""{county:33.2|state:9.9|us:20.0}""}"	"[{""Speedway"" : ""8""}, {""Subway"" : ""5""}, {""Jack in the Box"" : ""4""}, {""7-Eleven"" : ""4""}, {""Starbucks"" : ""3""}, {""Little Free Library"" : ""3""}, {""Arco"" : ""2""}, {""Bank of America"" : ""2""}, {""Dollar Tree"" : ""2""}, {""JCPenney"" : ""2""}, {""Little Caesars"" : ""2""}, {""Allstate"" : ""2""}, {""GameStop"" : ""2""}, {""McDonald's"" : ""2""}, {""Shell"" : ""2""}, {""Metro by T-Mobile"" : ""2""}, {""Food 4 Less"" : ""2""}, {""Boost Mobile"" : ""2""}, {""Imagine Schools"" : ""1""}, {""Lowe's"" : ""1""}, {""Macy's"" : ""1""}, {""O'Reilly Auto Parts"" : ""1""}, {""Papa John's"" : ""1""}, {""Petco"" : ""1""}, {""Pizza Hut"" : ""1""}, {""Pizza Pizza"" : ""1""}, {""Planet Fitness"" : ""1""}, {""Quality Inn"" : ""1""}, {""Rally's"" : ""1""}, {""Redbox"" : ""1""}, {""Rite Aid"" : ""1""}, {""Rodeway Inn"" : ""1""}, {""Sears"" : ""1""}, {""Sherwin-Williams"" : ""1""}, {""Skechers"" : ""1""}, {""Sprint"" : ""1""}, {""Taco Bell"" : ""1""}, {""Target"" : ""1""}, {""T-Mobile"" : ""1""}, {""U-Haul"" : ""1""}, {""Ulta Beauty"" : ""1""}, {""United States Postal Service"" : ""1""}, {""USA Gasoline"" : ""1""}, {""Walgreens"" : ""1""}, {""Western Union"" : ""1""}, {""Ashley HomeStore"" : ""1""}, {""AT&T"" : ""1""}, {""Bed Bath & Beyond"" : ""1""}, {""BevMo!"" : ""1""}, {""Carl's Jr."" : ""1""}, {""Chevron"" : ""1""}, {""Circle K"" : ""1""}, {""Cold Stone Creamery"" : ""1""}, {""Cricket Wireless"" : ""1""}, {""CVS Pharmacy"" : ""1""}, {""dd's Discounts"" : ""1""}, {""Dillard's"" : ""1""}, {""Dollar General"" : ""1""}, {""Domino's"" : ""1""}, {""Electrify America"" : ""1""}, {""Fred Loya Insurance"" : ""1""}, {""Harbor Freight Tools"" : ""1""}]"
3	Webb County	Texas	14.5	267,234	267,945	120	711	31	"{""age_5_9"": ""{county:8.6|state:7.0|us:6.1}"", ""edu_9_12"": ""{county:14.5|state:7.8|us:6.6}"", ""age_10_14"": ""{county:9.5|state:7.4|us:6.5}"", ""age_15_19"": ""{county:8.9|state:7.1|us:6.5}"", ""job_sales"": ""{county:26.5|state:22.0|us:21.3}"", ""edu_9_less"": ""{county:17.3|state:7.8|us:4.9}"", ""race_mixed"": ""{county:14.6|state:7.0|us:5.2}"", ""age_5_under"": ""{county:9.3|state:7.0|us:6.0}"", ""age_under18"": ""{county:32.9|state:25.8|us:22.4}"", ""race_hispanic"": ""{county:95.5|state:39.4|us:18.2}"", ""built_2000_2009"": ""{county:24.6|state:18.7|us:13.6}"", ""in_transportation"": ""{county:14.9|state:6.0|us:5.5}""}"	"[{""H-E-B"" : ""7""}, {""Starbucks"" : ""5""}, {""H-E-B Pharmacy"" : ""5""}, {""Subway"" : ""4""}, {""Dollar Tree"" : ""3""}, {""Chick-fil-A"" : ""3""}, {""AT&T"" : ""3""}, {""Ross"" : ""3""}, {""Academy Sports + Outdoors"" : ""2""}, {""T-Mobile"" : ""2""}, {""Cricket Wireless"" : ""2""}, {""dd's Discounts"" : ""2""}, {""Valero"" : ""2""}, {""Denny's"" : ""2""}, {""Smoothie King"" : ""2""}, {""Old Navy"" : ""2""}, {""Macy's"" : ""2""}, {""Steve Madden"" : ""2""}, {""Ashley HomeStore"" : ""2""}, {""GameStop"" : ""2""}, {""Petco"" : ""2""}, {""Peter Piper Pizza"" : ""2""}, {""Commerce Bank"" : ""2""}, {""Crocs"" : ""1""}, {""Dero"" : ""1""}, {""Dillard's"" : ""1""}, {""Domino's"" : ""1""}, {""Dunkin'"" : ""1""}, {""Embassy Suites"" : ""1""}, {""Extended Stay America"" : ""1""}, {""Family Dollar"" : ""1""}, {""Five Below"" : ""1""}, {""Five Guys"" : ""1""}, {""Forever 21"" : ""1""}, {""Gap"" : ""1""}, {""Goodyear"" : ""1""}, {""Grease Monkey"" : ""1""}, {""Great American Cookies"" : ""1""}, {""Great Clips"" : ""1""}, {""Guess"" : ""1""}, {""Guitar Center"" : ""1""}, {""H&M"" : ""1""}, {""Hobby Lobby"" : ""1""}, {""HomeGoods"" : ""1""}, {""Hungry Howie's"" : ""1""}, {""Hyundai"" : ""1""}, {""Jack in the Box"" : ""1""}, {""James Avery Jewelry"" : ""1""}, {""JCPenney"" : ""1""}, {""Jimmy John's"" : ""1""}, {""Kay Jewelers"" : ""1""}, {""KFC"" : ""1""}, {""Levi's"" : ""1""}, {""Little Caesars"" : ""1""}, {""Marble Slab Creamery"" : ""1""}, {""Marshalls"" : ""1""}, {""Mattress Firm"" : ""1""}, {""McDonald's"" : ""1""}, {""Michael Kors"" : ""1""}, {""Michaels"" : ""1""}, {""Murphy USA"" : ""1""}, {""My EyeLab"" : ""1""}, {""Nautica"" : ""1""}, {""Nike"" : ""1""}, {""Nothing Bundt Cakes"" : ""1""}, {""Office Depot"" : ""1""}, {""Panda Express"" : ""1""}, {""Party City"" : ""1""}, {""Perry Ellis"" : ""1""}, {""Pizza Hut"" : ""1""}, {""PNC Bank"" : ""1""}, {""Popeyes"" : ""1""}, {""Puma"" : ""1""}, {""Rack Room Shoes"" : ""1""}, {""Rent-A-Center"" : ""1""}, {""Sally Beauty"" : ""1""}, {""Shell"" : ""1""}, {""Shoe Carnival"" : ""1""}, {""Skechers"" : ""1""}, {""Sleep Number"" : ""1""}, {""Spec's"" : ""1""}, {""Stripes"" : ""1""}, {""Sunglass Hut"" : ""1""}, {""Taco Bell"" : ""1""}, {""Texas Roadhouse"" : ""1""}, {""The Children's Place"" : ""1""}, {""The Home Depot"" : ""1""}, {""TJ Maxx"" : ""1""}, {""Tommy Hilfiger"" : ""1""}, {""Ulta Beauty"" : ""1""}, {""Under Armour"" : ""1""}, {""Vans"" : ""1""}, {""Vera Bradley"" : ""1""}, {""Walgreens"" : ""1""}, {""Wayback Burgers"" : ""1""}, {""Wendy's"" : ""1""}, {""7-Eleven"" : ""1""}, {""Wingstop"" : ""1""}, {""Aldo"" : ""1""}, {""America's Best Contacts & Eyeglasses"" : ""1""}, {""Anytime Fitness"" : ""1""}, {""At Home"" : ""1""}, {""Auntie Anne's"" : ""1""}, {""Bank of America"" : ""1""}, {""Bath & Body Works"" : ""1""}, {""Big Lots"" : ""1""}, {""Boost Mobile"" : ""1""}, {""Brooks Brothers"" : ""1""}, {""Burger King"" : ""1""}, {""Calvin Klein"" : ""1""}, {""Carter's"" : ""1""}, {""Charleys Philly Steaks"" : ""1""}, {""Chase"" : ""1""}, {""Chipotle"" : ""1""}, {""Church's Chicken"" : ""1""}, {""Cicis"" : ""1""}, {""Cinnabon"" : ""1""}, {""Coach"" : ""1""}, {""Columbia"" : ""1""}, {""Converse"" : ""1""}]"
4	Whitfield County	Georgia	14.3	102,727	102,848	-137	121	137	"{""edu_9_12"": ""{county:14.3|state:7.7|us:6.6}"", ""edu_9_less"": ""{county:14.3|state:4.5|us:4.9}"", ""ancestry_english"": ""{county:20.0|state:7.8|us:7.7}"", ""in_manufacturing"": ""{county:38.2|state:10.5|us:10.0}"", ""job_prod_transpo"": ""{county:33.5|state:14.7|us:13.1}""}"	"[{""Walmart"" : ""3""}, {""BP"" : ""3""}, {""Waffle House"" : ""2""}, {""Walgreens"" : ""2""}, {""Mapco"" : ""2""}, {""McDonald's"" : ""2""}, {""Arby's"" : ""2""}, {""Circle K"" : ""2""}, {""Subway"" : ""2""}, {""Dunkin' Donuts"" : ""1""}, {""Fairfield Inn & Suites"" : ""1""}, {""Family Dollar"" : ""1""}, {""Hobby Lobby"" : ""1""}, {""Little Caesars"" : ""1""}, {""Metro by T-Mobile"" : ""1""}, {""Office Depot"" : ""1""}, {""Pilot"" : ""1""}, {""Redbox"" : ""1""}, {""Roses"" : ""1""}, {""Shell"" : ""1""}, {""Starbucks"" : ""1""}, {""Taco Bell"" : ""1""}, {""Wells Fargo"" : ""1""}, {""Wendy's"" : ""1""}, {""Advance Auto Parts"" : ""1""}, {""Western Sizzlin'"" : ""1""}, {""American Legion"" : ""1""}, {""Bank of America"" : ""1""}, {""BB&T"" : ""1""}, {""Captain D's"" : ""1""}, {""Checkers"" : ""1""}, {""Coinstar"" : ""1""}, {""CVS Pharmacy"" : ""1""}, {""Dollar General"" : ""1""}]"
5	Cameron County	Texas	14.0	421,191	423,029	174	1,838	183	"{""age_5_9"": ""{county:8.2|state:7.0|us:6.1}"", ""edu_9_12"": ""{county:14.0|state:7.8|us:6.6}"", ""age_10_14"": ""{county:8.8|state:7.4|us:6.5}"", ""edu_9_less"": ""{county:17.5|state:7.8|us:4.9}"", ""race_mixed"": ""{county:9.7|state:7.0|us:5.2}"", ""age_5_under"": ""{county:8.1|state:7.0|us:6.0}"", ""age_under18"": ""{county:30.4|state:25.8|us:22.4}"", ""job_service"": ""{county:27.1|state:16.9|us:17.4}"", ""race_hispanic"": ""{county:89.8|state:39.4|us:18.2}"", ""in_education_health"": ""{county:32.0|state:21.8|us:23.3}""}"	"[{""Subway"" : ""7""}, {""H-E-B Pharmacy"" : ""5""}, {""H&R Block"" : ""4""}, {""Wingstop"" : ""3""}, {""T-Mobile"" : ""3""}, {""USAA"" : ""3""}, {""H-E-B"" : ""3""}, {""Dollar Tree"" : ""2""}, {""Office Depot"" : ""2""}, {""Chick-fil-A"" : ""2""}, {""Ulta Beauty"" : ""2""}, {""Rent-A-Center"" : ""2""}, {""Ross"" : ""2""}, {""Dero"" : ""2""}, {""Walgreens"" : ""2""}, {""Big Lots"" : ""2""}, {""GameStop"" : ""2""}, {""Family Dollar"" : ""2""}, {""Sprint"" : ""2""}, {""Dairy Queen"" : ""2""}, {""Marshalls"" : ""2""}, {""PetSmart"" : ""2""}, {""Pizza Hut"" : ""2""}, {""Harbor Freight Tools"" : ""1""}, {""Hibbett Sports"" : ""1""}, {""Hilton Garden Inn"" : ""1""}, {""Hobby Lobby"" : ""1""}, {""Holiday Inn Express & Suites"" : ""1""}, {""JCPenney"" : ""1""}, {""KFC"" : ""1""}, {""Kirkland's"" : ""1""}, {""Kohl's"" : ""1""}, {""La Michoacana Meat Market"" : ""1""}, {""Leslie's Pool Supplies"" : ""1""}, {""Little Caesars"" : ""1""}, {""Mattress Firm"" : ""1""}, {""McDonald's"" : ""1""}, {""Metro by T-Mobile"" : ""1""}, {""Michaels"" : ""1""}, {""Motel 6"" : ""1""}, {""nissan"" : ""1""}, {""Nothing Bundt Cakes"" : ""1""}, {""Old Navy"" : ""1""}, {""O'Reilly Auto Parts"" : ""1""}, {""Panda Express"" : ""1""}, {""Pep Boys"" : ""1""}, {""Planet Fitness"" : ""1""}, {""Rack Room Shoes"" : ""1""}, {""Ramada"" : ""1""}, {""RE/MAX"" : ""1""}, {""Sally Beauty"" : ""1""}, {""Sears"" : ""1""}, {""Security Service Federal Credit Union"" : ""1""}, {""Sherwin-Williams"" : ""1""}, {""Shoe Carnival"" : ""1""}, {""Sport Clips"" : ""1""}, {""Starbucks"" : ""1""}, {""Stripes"" : ""1""}, {""The Children's Place"" : ""1""}, {""The Vitamin Shoppe"" : ""1""}, {""TJ Maxx"" : ""1""}, {""99 Cents Only Stores"" : ""1""}, {""Tuesday Morning"" : ""1""}, {""U-Haul"" : ""1""}, {""United States Post Office"" : ""1""}, {""Valero"" : ""1""}, {""Verizon"" : ""1""}, {""Wells Fargo"" : ""1""}, {""Wendy's"" : ""1""}, {""Tropical Smoothie Cafe"" : ""1""}, {""AutoZone"" : ""1""}, {""Bealls"" : ""1""}, {""Bed Bath & Beyond"" : ""1""}, {""BurgerFi"" : ""1""}, {""Burlington"" : ""1""}, {""Carter's"" : ""1""}, {""Cash Store"" : ""1""}, {""Church's Chicken"" : ""1""}, {""Cici's Pizza"" : ""1""}, {""Courtyard"" : ""1""}, {""Cricket Wireless"" : ""1""}, {""CVS Pharmacy"" : ""1""}, {""dd's Discounts"" : ""1""}, {""Dillard's"" : ""1""}, {""Dollar General"" : ""1""}, {""Domino's"" : ""1""}, {""Domino's Pizza"" : ""1""}, {""Dunkin'"" : ""1""}, {""Five Below"" : ""1""}, {""Freddy's"" : ""1""}, {""Gold's Gym"" : ""1""}, {""Goodwill"" : ""1""}]"
6	Bronx County	New York	13.6	1,466,438	1,424,948	-6,216	-41,490	13,045	"{""pop2020"": ""{county:1427056|state:19514849|us:326569308}"", ""rooms_1"": ""{county:6.4|state:4.1|us:2.3}"", ""rooms_3"": ""{county:27.2|state:14.9|us:9.0}"", ""rooms_4"": ""{county:30.5|state:18.4|us:16.1}"", ""units_2"": ""{county:8.9|state:10.1|us:3.5}"", ""edu_9_12"": ""{county:13.6|state:6.8|us:6.6}"", ""age_25_34"": ""{county:15.9|state:14.7|us:13.9}"", ""units_3_4"": ""{county:8.1|state:6.9|us:4.3}"", ""edu_9_less"": ""{county:12.9|state:6.0|us:4.9}"", ""race_black"": ""{county:34.8|state:15.4|us:12.6}"", ""unemployed"": ""{county:5.9|state:3.6|us:3.4}"", ""job_service"": ""{county:33.8|state:19.6|us:17.4}"", ""rent_median"": ""{county:1247|state:1315|us:1096}"", ""units_10_19"": ""{county:6.0|state:4.2|us:4.3}"", ""value_median"": ""{county:427900|state:325000|us:229800}"", ""housing_total"": ""{county:533434|state:8362971|us:138432751}"", ""housing_units"": ""{county:533434|state:8362971|us:138432751}"", ""race_hispanic"": ""{county:56.0|state:19.1|us:18.2}"", ""units_20_more"": ""{county:61.8|state:24.2|us:9.4}"", ""rent_1500_1999"": ""{county:22.3|state:19.3|us:14.9}"", ""built_1940_1949"": ""{county:10.2|state:8.0|us:4.8}"", ""occupied_renter"": ""{county:79.9|state:45.9|us:35.6}"", ""built_1939_earlier"": ""{county:37.5|state:31.7|us:12.4}"", ""in_education_health"": ""{county:33.7|state:28.3|us:23.3}"", ""value_300000_499999"": ""{county:31.6|state:22.3|us:20.5}"", ""value_500000_999999"": ""{county:33.7|state:22.5|us:12.3}"", ""ancestry_west_indian"": ""{county:7.0|state:4.0|us:0.9}"", ""ancestry_subsaharan_african"": ""{county:5.4|state:1.4|us:1.2}""}"	"[{""McDonald's"" : ""18""}, {""United States Postal Service"" : ""16""}, {""Dunkin'"" : ""15""}, {""Citi Bike"" : ""12""}, {""Chase"" : ""10""}, {""Popeyes"" : ""7""}, {""Burger King"" : ""6""}, {""Dunkin' Donuts"" : ""6""}, {""Walgreens"" : ""6""}, {""BP"" : ""6""}, {""Rite Aid"" : ""6""}, {""C-Town Supermarkets"" : ""5""}, {""Starbucks"" : ""5""}, {""Boost Mobile"" : ""5""}, {""Dollar Tree"" : ""5""}, {""USPS"" : ""4""}, {""Texas Chicken & Burgers"" : ""4""}, {""TD Bank"" : ""4""}, {""Little Caesars"" : ""4""}, {""Subway"" : ""4""}, {""7-Eleven"" : ""4""}, {""Capital One"" : ""4""}, {""T-Mobile"" : ""4""}, {""Blink Fitness"" : ""3""}, {""Apple Bank"" : ""3""}, {""Planet Fitness"" : ""3""}, {""Taco Bell"" : ""3""}, {""Gulf"" : ""3""}, {""Wendy's"" : ""3""}, {""United States Post Office"" : ""3""}, {""U-Haul"" : ""3""}, {""CityMD"" : ""2""}, {""ALDI"" : ""2""}, {""Applebee's Neighborhood Grill & Bar"" : ""2""}, {""Boston Market"" : ""2""}, {""Bravo"" : ""2""}, {""CVS Pharmacy"" : ""2""}, {""GameStop"" : ""2""}, {""GNC"" : ""2""}, {""Little Free Library"" : ""2""}, {""Metro by T-Mobile"" : ""2""}, {""Mobil"" : ""2""}, {""Petco"" : ""2""}, {""Public Storage"" : ""2""}, {""Retro Fitness"" : ""2""}, {""Speedway"" : ""2""}, {""Stop & Shop"" : ""2""}, {""Sunoco"" : ""2""}, {""The Home Depot"" : ""2""}, {""White Castle"" : ""2""}, {""Men's Wearhouse"" : ""1""}, {""Best Western"" : ""1""}, {""Uniqlo"" : ""1""}, {""Modell's Sporting Goods"" : ""1""}, {""Nationwide"" : ""1""}, {""Old Navy"" : ""1""}, {""Outback Steakhouse"" : ""1""}, {""Panda Express"" : ""1""}, {""Panera Bread"" : ""1""}, {""P. C. Richard & Son"" : ""1""}, {""Bank of America"" : ""1""}, {""Duane Reade"" : ""1""}, {""Domino's"" : ""1""}, {""AutoZone"" : ""1""}, {""Real"" : ""1""}, {""Redbox"" : ""1""}, {""Rent-A-Center"" : ""1""}, {""Residence Inn"" : ""1""}, {""AT&T"" : ""1""}, {""Dollar General"" : ""1""}, {""Shell"" : ""1""}, {""Sherwin-Williams"" : ""1""}, {""Smashburger"" : ""1""}, {""AMC"" : ""1""}, {""Dero"" : ""1""}, {""Wells Fargo"" : ""1""}, {""Citibank"" : ""1""}, {""Advance Auto Parts"" : ""1""}, {""Super 8"" : ""1""}, {""Chipotle"" : ""1""}, {""Target"" : ""1""}, {""Chevrolet"" : ""1""}, {""Tesla Supercharger"" : ""1""}, {""Checkers"" : ""1""}, {""Western Union"" : ""1""}, {""Golden Krust Caribbean Bakery & Grill"" : ""1""}, {""Foot Locker"" : ""1""}, {""Harbor Freight Tools"" : ""1""}, {""Hard Rock Cafe"" : ""1""}, {""H&R Block"" : ""1""}, {""IHOP"" : ""1""}, {""JCPenney"" : ""1""}, {""Enterprise"" : ""1""}, {""Carvel"" : ""1""}, {""Mail Boxes Etc."" : ""1""}, {""DXL Men's Apparel"" : ""1""}]"
7	Ector County	Texas	13.5	165,467	161,091	296	-4,376	69	"{""age_5_9"": ""{county:8.9|state:7.0|us:6.1}"", ""age_25_34"": ""{county:16.8|state:14.7|us:13.9}"", ""age_5_under"": ""{county:9.0|state:7.0|us:6.0}"", ""age_under18"": ""{county:30.3|state:25.8|us:22.4}"", ""units_10_19"": ""{county:5.8|state:6.0|us:4.3}"", ""race_hispanic"": ""{county:61.6|state:39.4|us:18.2}"", ""rent_1000_1499"": ""{county:43.2|state:36.5|us:30.2}"", ""built_1950_1959"": ""{county:21.9|state:7.7|us:10.2}"", ""built_2010_2013"": ""{county:7.1|state:5.1|us:2.7}"", ""units_boat_rv_van"": ""{county:0.9|state:0.2|us:0.1}""}"	"[{""7-Eleven"" : ""7""}, {""Kent Kwik"" : ""4""}, {""Dollar General"" : ""4""}, {""Starbucks"" : ""3""}, {""Stripes"" : ""3""}, {""Frost Bank"" : ""3""}, {""McDonald's"" : ""3""}, {""Sonic"" : ""3""}, {""Pizza Hut"" : ""3""}, {""CVS Pharmacy"" : ""3""}, {""Bank of America"" : ""3""}, {""Domino's"" : ""2""}, {""Burger King"" : ""2""}, {""Chevron"" : ""2""}, {""Chase"" : ""2""}, {""Bush's Chicken"" : ""2""}, {""AutoZone"" : ""2""}, {""Hobby Lobby"" : ""1""}, {""Hooters"" : ""1""}, {""IHOP"" : ""1""}, {""Jack in the Box"" : ""1""}, {""Jason's Deli"" : ""1""}, {""Jersey Mike's Subs"" : ""1""}, {""Jimmy John's"" : ""1""}, {""JOANN Fabrics and Crafts"" : ""1""}, {""KFC"" : ""1""}, {""Kirkland's"" : ""1""}, {""Lane Bryant"" : ""1""}, {""Leslie's Pool Supplies"" : ""1""}, {""Lowe's"" : ""1""}, {""Lowes Foods"" : ""1""}, {""Marshalls"" : ""1""}, {""Mattress Firm"" : ""1""}, {""McAlister's Deli"" : ""1""}, {""Michaels"" : ""1""}, {""Nothing Bundt Cakes"" : ""1""}, {""Office Depot"" : ""1""}, {""Panda Express"" : ""1""}, {""Party City"" : ""1""}, {""Petco"" : ""1""}, {""Phillips 66"" : ""1""}, {""Popeyes"" : ""1""}, {""Prosperity Bank"" : ""1""}, {""Red Lobster"" : ""1""}, {""Ross"" : ""1""}, {""Saltgrass Steak House"" : ""1""}, {""Schlotzsky's"" : ""1""}, {""Security Bank"" : ""1""}, {""Subway"" : ""1""}, {""Truist"" : ""1""}, {""Twin Peaks"" : ""1""}, {""Ulta Beauty"" : ""1""}, {""Verizon"" : ""1""}, {""Walgreens"" : ""1""}, {""Wells Fargo"" : ""1""}, {""Wendy's"" : ""1""}, {""Wienerschnitzel"" : ""1""}, {""Wingstop"" : ""1""}, {""Academy Sports + Outdoors"" : ""1""}, {""Aeropostale"" : ""1""}, {""BB&T"" : ""1""}, {""Best Buy"" : ""1""}, {""Cheddar's"" : ""1""}, {""Dairy Queen"" : ""1""}, {""dd's Discounts"" : ""1""}, {""Dickey's Barbecue Pit"" : ""1""}, {""Discount Tire"" : ""1""}, {""Dollar Tree"" : ""1""}, {""Family Dollar"" : ""1""}, {""First Financial Bank"" : ""1""}, {""Five Guys"" : ""1""}, {""Golden Corral"" : ""1""}, {""H-E-B"" : ""1""}, {""H-E-B Pharmacy"" : ""1""}]"
8	Hidalgo County	Texas	13.2	872,204	880,356	1,423	8,152	216	"{""age_5_9"": ""{county:8.7|state:7.0|us:6.1}"", ""pop2020"": ""{county:861137|state:28635442|us:326569308}"", ""age_10_14"": ""{county:9.6|state:7.4|us:6.5}"", ""edu_9_less"": ""{county:19.9|state:7.8|us:4.9}"", ""race_mixed"": ""{county:11.4|state:7.0|us:5.2}"", ""age_5_under"": ""{county:8.9|state:7.0|us:6.0}"", ""age_under18"": ""{county:32.6|state:25.8|us:22.4}"", ""housing_total"": ""{county:281380|state:11112975|us:138432751}"", ""housing_units"": ""{county:281380|state:11112975|us:138432751}"", ""race_hispanic"": ""{county:92.3|state:39.4|us:18.2}"", ""built_2000_2009"": ""{county:29.7|state:18.7|us:13.6}"", ""built_2014_later"": ""{county:6.5|state:7.1|us:3.5}""}"	"[{""H-E-B"" : ""12""}, {""H-E-B Pharmacy"" : ""7""}, {""Subway"" : ""6""}, {""Ross"" : ""5""}, {""McDonald's"" : ""5""}, {""Burger King"" : ""5""}, {""TJ Maxx"" : ""4""}, {""Sally Beauty"" : ""4""}, {""Walmart"" : ""4""}, {""CVS Pharmacy"" : ""3""}, {""AT&T"" : ""3""}, {""Redbox"" : ""3""}, {""GameStop"" : ""3""}, {""Dero"" : ""3""}, {""GNC"" : ""3""}, {""Sprint"" : ""3""}, {""Chipotle"" : ""3""}, {""Starbucks"" : ""3""}, {""Target"" : ""3""}, {""Mattress Firm"" : ""3""}, {""Dollar Tree"" : ""3""}, {""Coinstar"" : ""3""}, {""Wells Fargo"" : ""3""}, {""Office Depot"" : ""3""}, {""Petco"" : ""3""}, {""Regis"" : ""2""}, {""Jason's Deli"" : ""2""}, {""DaVi Nails"" : ""2""}, {""T-Mobile"" : ""2""}, {""Rack Room Shoes"" : ""2""}, {""Barnes & Noble"" : ""2""}, {""Church's Chicken"" : ""2""}, {""Merle Norman Cosmetics"" : ""2""}, {""Which Wich?"" : ""2""}, {""Forever 21"" : ""2""}, {""Carter's"" : ""2""}, {""Shoe Carnival"" : ""2""}, {""Wingstop"" : ""2""}, {""Burlington"" : ""2""}, {""Cricket Wireless"" : ""2""}, {""America's Best Contacts & Eyeglasses"" : ""2""}, {""Popeyes"" : ""2""}, {""Party City"" : ""2""}, {""Lane Bryant"" : ""2""}, {""Five Below"" : ""2""}, {""PetSmart"" : ""2""}, {""Texas Roadhouse"" : ""2""}, {""Jackson Hewitt"" : ""1""}, {""James Avery Jewelry"" : ""1""}, {""JCPenney"" : ""1""}, {""JOANN Fabrics and Crafts"" : ""1""}, {""Johnny Rockets"" : ""1""}, {""JoS. A. Bank"" : ""1""}, {""Kay Jewelers"" : ""1""}, {""Leslie's Pool Supplies"" : ""1""}, {""Liberty Tax"" : ""1""}, {""Little Caesars"" : ""1""}, {""Luby's"" : ""1""}, {""Macy's"" : ""1""}, {""Marble Slab Creamery"" : ""1""}, {""Marshalls"" : ""1""}, {""Mathnasium"" : ""1""}, {""Menchie's"" : ""1""}, {""Men's Wearhouse"" : ""1""}, {""Metro by T-Mobile"" : ""1""}, {""MetroPCS"" : ""1""}, {""Michaels"" : ""1""}, {""Murphy USA"" : ""1""}, {""Nothing Bundt Cakes"" : ""1""}, {""Old Navy"" : ""1""}, {""Pizza Hut"" : ""1""}, {""Planet Fitness"" : ""1""}, {""Radisson"" : ""1""}, {""Rent-A-Center"" : ""1""}, {""Rocky Mountain Chocolate Factory"" : ""1""}, {""rue21"" : ""1""}, {""Schlotzsky's"" : ""1""}, {""Sherwin-Williams"" : ""1""}, {""Skechers"" : ""1""}, {""Sleep Number"" : ""1""}, {""Sport Clips"" : ""1""}, {""Staples"" : ""1""}, {""Stripes"" : ""1""}, {""The Joint Chiropractic"" : ""1""}, {""The Vitamin Shoppe"" : ""1""}, {""Torrid"" : ""1""}, {""Tropical Smoothie Cafe"" : ""1""}, {""Tuesday Morning"" : ""1""}, {""Ulta Beauty"" : ""1""}, {""Verizon"" : ""1""}, {""Victoria's Secret"" : ""1""}, {""Visionworks"" : ""1""}, {""Vitamin World"" : ""1""}, {""Walgreens"" : ""1""}, {""Wendy's"" : ""1""}, {""Whataburger"" : ""1""}, {""World Market"" : ""1""}, {""Zara"" : ""1""}, {""Abercrombie & Fitch"" : ""1""}, {""Zoës Kitchen"" : ""1""}, {""Academy Sports + Outdoors"" : ""1""}, {""Aeropostale"" : ""1""}, {""Allstate"" : ""1""}, {""American Eagle Outfitters"" : ""1""}, {""Applebee’s"" : ""1""}, {""Ashley HomeStore"" : ""1""}, {""Avenue"" : ""1""}, {""Banana Republic"" : ""1""}, {""Baskin-Robbins"" : ""1""}, {""Bath & Body Works"" : ""1""}, {""Batteries Plus Bulbs"" : ""1""}, {""Bealls"" : ""1""}, {""Bed Bath & Beyond"" : ""1""}, {""Ben & Jerry's"" : ""1""}, {""Best Buy"" : ""1""}, {""Big Lots"" : ""1""}, {""Buy Buy Baby"" : ""1""}, {""Cash Store"" : ""1""}, {""Chase"" : ""1""}, {""Chick-fil-A"" : ""1""}, {""Chico's"" : ""1""}, {""Chuck E. Cheese's"" : ""1""}, {""Cicis"" : ""1""}, {""Crunch Fitness"" : ""1""}, {""David's Bridal"" : ""1""}, {""dd's Discounts"" : ""1""}, {""Dick's Sporting Goods"" : ""1""}, {""Dillard's"" : ""1""}, {""Discount Tire"" : ""1""}, {""Dollar General"" : ""1""}, {""DSW"" : ""1""}, {""DXL Men's Apparel"" : ""1""}, {""EagleRider"" : ""1""}, {""European Wax Center"" : ""1""}, {""Express"" : ""1""}, {""Fastsigns"" : ""1""}, {""Fazoli's"" : ""1""}, {""Foot Locker"" : ""1""}, {""Gap"" : ""1""}, {""Gatti's Pizza"" : ""1""}, {""Guess"" : ""1""}, {""H&M"" : ""1""}, {""Hobby Lobby"" : ""1""}, {""HomeGoods"" : ""1""}, {""H&R Block"" : ""1""}, {""Jack in the Box"" : ""1""}]"
9	Kings County	California	12.8	152,627	153,443	141	816	43	"{""age_25_34"": ""{county:16.9|state:15.3|us:13.9}"", ""edu_9_less"": ""{county:13.2|state:8.9|us:4.9}"", ""race_mixed"": ""{county:8.8|state:7.9|us:5.2}"", ""race_hispanic"": ""{county:54.9|state:39.1|us:18.2}"", ""in_public_admin"": ""{county:12.9|state:4.6|us:4.7}"", ""occupied_renter"": ""{county:46.4|state:44.7|us:35.6}"", ""job_construction"": ""{county:20.5|state:8.8|us:8.7}"", ""ancestry_portuguese"": ""{county:4.2|state:0.8|us:0.4}"", ""value_200000_299999"": ""{county:37.0|state:9.9|us:20.0}""}"	"[{""Subway"" : ""5""}, {""McDonald's"" : ""5""}, {""Chevron"" : ""4""}, {""Starbucks"" : ""4""}, {""CVS Pharmacy"" : ""2""}, {""Valero"" : ""2""}, {""Burger King"" : ""2""}, {""76"" : ""2""}, {""Little Caesars"" : ""2""}, {""Tesla Supercharger"" : ""2""}, {""AT&T"" : ""2""}, {""Chili's"" : ""1""}, {""Chipotle"" : ""1""}, {""Citibank"" : ""1""}, {""Cold Stone Creamery"" : ""1""}, {""Costco Gasoline"" : ""1""}, {""Costco Pharmacy"" : ""1""}, {""Dollar Tree"" : ""1""}, {""Dunkin'"" : ""1""}, {""Famous Footwear"" : ""1""}, {""Firestone"" : ""1""}, {""Five Guys"" : ""1""}, {""GameStop"" : ""1""}, {""Great Clips"" : ""1""}, {""Grocery Outlet"" : ""1""}, {""Harbor Freight Tools"" : ""1""}, {""Hibbett Sports"" : ""1""}, {""Hobby Lobby"" : ""1""}, {""Jack in the Box"" : ""1""}, {""Jamba"" : ""1""}, {""JCPenney"" : ""1""}, {""Jimmy John's"" : ""1""}, {""Kohl's"" : ""1""}, {""Les Schwab Tire Center"" : ""1""}, {""Lowe's"" : ""1""}, {""Marshalls"" : ""1""}, {""Mattress Firm"" : ""1""}, {""Maurices"" : ""1""}, {""Metro by T-Mobile"" : ""1""}, {""Michaels"" : ""1""}, {""Mobil Mart"" : ""1""}, {""NAPA Auto Parts"" : ""1""}, {""Old Navy"" : ""1""}, {""Panda Express"" : ""1""}, {""Party City"" : ""1""}, {""Pep Boys"" : ""1""}, {""PetSmart"" : ""1""}, {""Pizza Hut"" : ""1""}, {""Rally's"" : ""1""}, {""Round Table Pizza"" : ""1""}, {""Sally Beauty"" : ""1""}, {""Shell"" : ""1""}, {""Sonic"" : ""1""}, {""Sprint"" : ""1""}, {""Supercuts"" : ""1""}, {""Taco Bell"" : ""1""}, {""Target"" : ""1""}, {""The Habit Burger Grill"" : ""1""}, {""Ulta Beauty"" : ""1""}, {""Union Bank"" : ""1""}, {""Verizon"" : ""1""}, {""Wienerschnitzel"" : ""1""}, {""Yogurtland"" : ""1""}, {""Aaron's"" : ""1""}, {""Applebee's Neighborhood Grill & Bar"" : ""1""}, {""A&W"" : ""1""}, {""Baja Fresh"" : ""1""}, {""Bank of America"" : ""1""}, {""Big Lots"" : ""1""}, {""Black Bear Diner"" : ""1""}, {""Boost Mobile"" : ""1""}, {""Buffalo Wild Wings"" : ""1""}, {""Carl's Jr."" : ""1""}]"
10	Merced County	California	12.4	281,726	286,461	524	4,735	57	"{""age_10_14"": ""{county:8.9|state:6.6|us:6.5}"", ""edu_9_less"": ""{county:17.9|state:8.9|us:4.9}"", ""race_asian"": ""{county:7.6|state:14.8|us:5.6}"", ""unemployed"": ""{county:6.4|state:3.9|us:3.4}"", ""age_under18"": ""{county:29.5|state:22.8|us:22.4}"", ""race_hispanic"": ""{county:60.2|state:39.1|us:18.2}"", ""rent_1000_1499"": ""{county:38.3|state:26.7|us:30.2}"", ""occupied_renter"": ""{county:47.8|state:44.7|us:35.6}"", ""ancestry_portuguese"": ""{county:5.4|state:0.8|us:0.4}"", ""value_200000_299999"": ""{county:34.1|state:9.9|us:20.0}"", ""value_300000_499999"": ""{county:28.9|state:26.0|us:20.5}""}"	"[{""Starbucks"" : ""5""}, {""Chase"" : ""5""}, {""McDonald's"" : ""4""}, {""Subway"" : ""4""}, {""CVS Pharmacy"" : ""3""}, {""GameStop"" : ""2""}, {""Dollar General"" : ""2""}, {""KFC"" : ""2""}, {""A&W"" : ""2""}, {""Chevron"" : ""2""}, {""Shell"" : ""2""}, {""JCPenney"" : ""2""}, {""Long John Silver's"" : ""1""}, {""Love's"" : ""1""}, {""Panera Bread"" : ""1""}, {""Popeyes"" : ""1""}, {""Redbox"" : ""1""}, {""Sears"" : ""1""}, {""Supercuts"" : ""1""}, {""Tesla Supercharger"" : ""1""}, {""Valero"" : ""1""}, {""Verizon"" : ""1""}, {""76"" : ""1""}, {""Walgreens"" : ""1""}, {""ampm"" : ""1""}, {""Arco"" : ""1""}, {""Baskin-Robbins"" : ""1""}, {""Big 5 Sporting Goods"" : ""1""}, {""Burger King"" : ""1""}, {""Carl's Jr."" : ""1""}, {""Chipotle"" : ""1""}, {""Circle K"" : ""1""}, {""Coinstar"" : ""1""}, {""Domino's"" : ""1""}, {""Kohl's"" : ""1""}]"
