rank	name	state	edu_college_nodegree	popestimate2020	popestimate2021	npopchg2020	npopchg2021	pop_sqkm	zscore_1_65	brand
1	Shasta County	California	32.0	181,893	182,139	-262	246	19	"{""ancestry_portuguese"": ""{county:1.5|state:0.8|us:0.4}"", ""value_200000_299999"": ""{county:29.9|state:9.9|us:20.0}"", ""value_300000_499999"": ""{county:30.5|state:26.0|us:20.5}"", ""edu_college_nodegree"": ""{county:32.0|state:20.9|us:20.3}""}"	"[{""Starbucks"" : ""9""}, {""Subway"" : ""7""}, {""Speedway"" : ""6""}, {""Chevron"" : ""6""}, {""Shell"" : ""5""}, {""Little Free Library"" : ""4""}, {""Papa Murphy's"" : ""3""}, {""Bigbelly"" : ""3""}, {""Rite Aid"" : ""3""}, {""Walgreens"" : ""3""}, {""Burger King"" : ""2""}, {""NAPA Auto Parts"" : ""2""}, {""Valero"" : ""2""}, {""Jack in the Box"" : ""2""}, {""GameStop"" : ""2""}, {""Dollar Tree"" : ""2""}, {""State Farm"" : ""2""}, {""Supercuts"" : ""2""}, {""LabCorp"" : ""2""}, {""Blue Rhino"" : ""2""}, {""ChargePoint"" : ""2""}, {""Edward Jones"" : ""2""}, {""Mattress Firm"" : ""2""}, {""Farmers Insurance"" : ""2""}, {""FedEx"" : ""2""}, {""Cricket Wireless"" : ""1""}, {""CVS Pharmacy"" : ""1""}, {""Cycle Gear"" : ""1""}, {""Discount Tire"" : ""1""}, {""Domino's"" : ""1""}, {""EagleRider"" : ""1""}, {""European Wax Center"" : ""1""}, {""Five Guys"" : ""1""}, {""Golden 1 Credit Union"" : ""1""}, {""Goodwill"" : ""1""}, {""Great Clips"" : ""1""}, {""Great Harvest Bread Company"" : ""1""}, {""Grocery Outlet"" : ""1""}, {""Hertz"" : ""1""}, {""Hobby Lobby"" : ""1""}, {""HomeGoods"" : ""1""}, {""H&R Block"" : ""1""}, {""Jamba"" : ""1""}, {""Jamba Juice"" : ""1""}, {""Jazzercise"" : ""1""}, {""Little Caesars"" : ""1""}, {""Manhattan Bagel"" : ""1""}, {""Massage Envy"" : ""1""}, {""Maurices"" : ""1""}, {""Men's Wearhouse"" : ""1""}, {""Metro by T-Mobile"" : ""1""}, {""MOD Pizza"" : ""1""}, {""OneMain Financial"" : ""1""}, {""O'Reilly Auto Parts"" : ""1""}, {""Palm Beach Tan"" : ""1""}, {""Panda Express"" : ""1""}, {""Papé Machinery"" : ""1""}, {""Pizza Hut"" : ""1""}, {""Planet Fitness"" : ""1""}, {""Popeyes"" : ""1""}, {""Ray's Food Place"" : ""1""}, {""Redbox"" : ""1""}, {""Red Wing"" : ""1""}, {""Rita's Italian Ice"" : ""1""}, {""Safeway"" : ""1""}, {""Sally Beauty"" : ""1""}, {""Sleep Number"" : ""1""}, {""Sonic"" : ""1""}, {""Spectrum"" : ""1""}, {""Sport Clips"" : ""1""}, {""Sprint"" : ""1""}, {""Sprouts Farmers Market"" : ""1""}, {""Tan Republic"" : ""1""}, {""TD Ameritrade"" : ""1""}, {""Tesla Supercharger"" : ""1""}, {""The Habit Burger Grill"" : ""1""}, {""The UPS Store"" : ""1""}, {""The Vitamin Shoppe"" : ""1""}, {""T-Mobile"" : ""1""}, {""Tuesday Morning"" : ""1""}, {""U-Haul"" : ""1""}, {""Ulta Beauty"" : ""1""}, {""United States Post Office"" : ""1""}, {""UPS"" : ""1""}, {""U.S. Bank"" : ""1""}, {""Verizon"" : ""1""}, {""Walmart"" : ""1""}, {""Wells Fargo"" : ""1""}, {""West Marine"" : ""1""}, {""76"" : ""1""}, {""WW Studio"" : ""1""}, {""Aaron's"" : ""1""}, {""Adecco"" : ""1""}, {""Advance America"" : ""1""}, {""Airgas"" : ""1""}, {""AmeriGas"" : ""1""}, {""ampm"" : ""1""}, {""Anytime Fitness"" : ""1""}, {""Arby's"" : ""1""}, {""AT&T"" : ""1""}, {""Bank of America"" : ""1""}, {""Baskin-Robbins"" : ""1""}, {""Batteries Plus Bulbs"" : ""1""}, {""BigBelly"" : ""1""}, {""Blimpie"" : ""1""}, {""Buckle"" : ""1""}, {""Cardtronics"" : ""1""}, {""Check Into Cash"" : ""1""}, {""Cheveron"" : ""1""}, {""Chipotle"" : ""1""}, {""Christopher & Banks"" : ""1""}, {""Cold Stone Creamery"" : ""1""}, {""conico phillips"" : ""1""}, {""Costco"" : ""1""}, {""Costco Pharmacy"" : ""1""}]"
2	Linn County	Oregon	31.3	128,936	129,839	326	903	22	"{""rent_1000_1499"": ""{county:44.0|state:37.7|us:30.2}"", ""value_200000_299999"": ""{county:30.9|state:21.5|us:20.0}"", ""edu_college_nodegree"": ""{county:31.3|state:25.0|us:20.3}""}"	"[{""Chevron"" : ""4""}, {""Starbucks"" : ""4""}, {""Subway"" : ""3""}, {""United States Postal Service"" : ""2""}, {""Safeway"" : ""2""}, {""A&W"" : ""1""}, {""Black Rock Coffee"" : ""1""}, {""Chase"" : ""1""}, {""Citizens Bank"" : ""1""}, {""Costco Pharmacy"" : ""1""}, {""Curves"" : ""1""}, {""Dutch Bros. Coffee"" : ""1""}, {""FlixBus"" : ""1""}, {""Fred Meyer"" : ""1""}, {""Liberty Tax"" : ""1""}, {""Little Caesars"" : ""1""}, {""Mobil Mart"" : ""1""}, {""Pacific Pride"" : ""1""}, {""Peet's Coffee"" : ""1""}, {""RadioShack"" : ""1""}, {""Redbox"" : ""1""}, {""Shell"" : ""1""}, {""Taco Bell"" : ""1""}, {""Taco Time"" : ""1""}, {""Tan Republic"" : ""1""}, {""The Home Depot"" : ""1""}, {""Travelodge"" : ""1""}, {""True Value Hardware"" : ""1""}, {""U.S. Bank"" : ""1""}, {""Verizon"" : ""1""}, {""76"" : ""1""}, {""Walgreens"" : ""1""}, {""Ace Hardware"" : ""1""}, {""ampm"" : ""1""}, {""Arco"" : ""1""}, {""AT&T"" : ""1""}]"
3	Cowlitz County	Washington	30.3	110,924	111,524	194	600	38	"{""units_boat_rv_van"": ""{county:1.1|state:0.2|us:0.1}"", ""value_200000_299999"": ""{county:31.1|state:19.1|us:20.0}"", ""edu_college_nodegree"": ""{county:30.3|state:23.1|us:20.3}""}"	"[{""Starbucks"" : ""7""}, {""Subway"" : ""7""}, {""Little Free Library"" : ""7""}, {""Redbox"" : ""7""}, {""Walmart"" : ""6""}, {""Safeway"" : ""3""}, {""Dollar Tree"" : ""3""}, {""Western Union"" : ""3""}, {""Verizon"" : ""2""}, {""Rite Aid"" : ""2""}, {""Jackson Hewitt"" : ""2""}, {""Little Caesars"" : ""2""}, {""Papa Murphy's"" : ""2""}, {""Chase"" : ""2""}, {""Boost Mobile"" : ""2""}, {""Burger King"" : ""2""}, {""U.S. Bank"" : ""2""}, {""U.S. Cellular"" : ""2""}, {""Five Guys"" : ""1""}, {""GameStop"" : ""1""}, {""GNC"" : ""1""}, {""Goodwill"" : ""1""}, {""Great Clips"" : ""1""}, {""Harbor Freight Tools"" : ""1""}, {""H&R Block"" : ""1""}, {""Jimmy John's"" : ""1""}, {""JOANN Fabrics and Crafts"" : ""1""}, {""KeyBank"" : ""1""}, {""KFC"" : ""1""}, {""Lane Bryant"" : ""1""}, {""Mattress Firm"" : ""1""}, {""McDonald's"" : ""1""}, {""Miracle-Ear"" : ""1""}, {""Mobil"" : ""1""}, {""OneMain Financial"" : ""1""}, {""O'Reilly Auto Parts"" : ""1""}, {""Quick Tag"" : ""1""}, {""Regal Nails"" : ""1""}, {""Regis"" : ""1""}, {""RE/MAX"" : ""1""}, {""Rent-A-Center"" : ""1""}, {""Ross"" : ""1""}, {""Sally Beauty"" : ""1""}, {""Shell"" : ""1""}, {""Snap Fitness"" : ""1""}, {""Sprint"" : ""1""}, {""Sub Zero"" : ""1""}, {""The UPS Store"" : ""1""}, {""U-Haul"" : ""1""}, {""Ulta Beauty"" : ""1""}, {""Walgreens"" : ""1""}, {""Aaron's"" : ""1""}, {""Xact Air"" : ""1""}, {""Astro"" : ""1""}, {""AT&T"" : ""1""}, {""AutoZone"" : ""1""}, {""A&W"" : ""1""}, {""Benevolent and Protective Order of Elks"" : ""1""}, {""Big 5 Sporting Goods"" : ""1""}, {""Big Lots"" : ""1""}, {""Bricks & Minifigs"" : ""1""}, {""Coinstar"" : ""1""}, {""Columbia Bank"" : ""1""}, {""CosmoProf"" : ""1""}, {""CVS Pharmacy"" : ""1""}, {""Dairy Queen"" : ""1""}, {""Edward Jones"" : ""1""}, {""eVgo"" : ""1""}, {""Farmers Insurance"" : ""1""}, {""Fastenal"" : ""1""}]"
4	Kootenai County	Idaho	30.2	172,646	179,789	1,284	7,143	56	"{""ancestry_welsh"": ""{county:1.7|state:1.4|us:0.6}"", ""rent_1000_1499"": ""{county:38.5|state:27.8|us:30.2}"", ""built_2014_later"": ""{county:8.6|state:6.3|us:3.5}"", ""value_300000_499999"": ""{county:32.9|state:24.1|us:20.5}"", ""edu_college_nodegree"": ""{county:30.2|state:26.1|us:20.3}""}"	"[{""Subway"" : ""4""}, {""Northwest Specialty Hospital"" : ""4""}, {""Starbucks"" : ""3""}, {""Taco Bell"" : ""2""}, {""Mobil"" : ""2""}, {""Domino's"" : ""2""}, {""Pita Pit"" : ""2""}, {""Wells Fargo"" : ""2""}, {""Coinstar"" : ""1""}, {""Cold Stone Creamery"" : ""1""}, {""Del Taco"" : ""1""}, {""Denny's"" : ""1""}, {""Exxon"" : ""1""}, {""Farmers Insurance"" : ""1""}, {""FlixBus"" : ""1""}, {""GNC"" : ""1""}, {""Grocery Outlet"" : ""1""}, {""Hallmark"" : ""1""}, {""Harbor Freight Tools"" : ""1""}, {""JCPenney"" : ""1""}, {""Jimmy John's"" : ""1""}, {""Kohl's"" : ""1""}, {""Little Caesars"" : ""1""}, {""Little Free Library"" : ""1""}, {""Macy's"" : ""1""}, {""Massage Envy"" : ""1""}, {""McDonald's"" : ""1""}, {""Metro by T-Mobile"" : ""1""}, {""MOD Pizza"" : ""1""}, {""NAPA Auto Parts"" : ""1""}, {""Northwest Urgent Care"" : ""1""}, {""Northwest Women's Care"" : ""1""}, {""Popeyes"" : ""1""}, {""PostalAnnex"" : ""1""}, {""Redbox"" : ""1""}, {""Rite Aid"" : ""1""}, {""Sally Beauty Supply"" : ""1""}, {""Sonic"" : ""1""}, {""Staples"" : ""1""}, {""State Farm"" : ""1""}, {""Supercuts"" : ""1""}, {""Tesla Supercharger"" : ""1""}, {""Texaco"" : ""1""}, {""Thaï Express"" : ""1""}, {""The UPS Store"" : ""1""}, {""U.S. Bank"" : ""1""}, {""US Bank"" : ""1""}, {""Wendy's"" : ""1""}, {""Albertsons"" : ""1""}, {""Wingstop"" : ""1""}, {""American Legion"" : ""1""}, {""Arby's"" : ""1""}, {""Big 5 Sporting Goods"" : ""1""}, {""Bi-Mart"" : ""1""}, {""Burger King"" : ""1""}, {""Carl's Jr."" : ""1""}, {""Cenex"" : ""1""}]"
5	Yavapai County	Arizona	29.8	237,067	242,253	858	5,186	12	"{""age_60_64"": ""{county:9.7|state:6.0|us:6.2}"", ""age_65_74"": ""{county:18.9|state:10.2|us:9.4}"", ""age_75_84"": ""{county:9.4|state:5.5|us:4.7}"", ""age_median"": ""{county:54.1|state:37.9|us:38.2}"", ""age_62_over"": ""{county:37.6|state:21.1|us:19.6}"", ""age_65_over"": ""{county:31.6|state:17.6|us:16.0}"", ""built_2000_2009"": ""{county:24.7|state:23.4|us:13.6}"", ""units_boat_rv_van"": ""{county:1.1|state:0.4|us:0.1}"", ""value_300000_499999"": ""{county:28.7|state:24.2|us:20.5}"", ""edu_college_nodegree"": ""{county:29.8|state:24.9|us:20.3}""}"	"[{""Maverik"" : ""5""}, {""Subway"" : ""5""}, {""Starbucks"" : ""4""}, {""Walgreens"" : ""3""}, {""Speedway"" : ""3""}, {""Safeway"" : ""3""}, {""Tesla Supercharger"" : ""2""}, {""Chipotle"" : ""2""}, {""JCPenney"" : ""2""}, {""Little Caesars"" : ""2""}, {""McDonald's"" : ""2""}, {""OfficeMax"" : ""2""}, {""Pizza Hut"" : ""2""}, {""Redbox"" : ""2""}, {""Ross"" : ""2""}, {""Sprouts Farmers Market"" : ""2""}, {""Staples"" : ""2""}, {""The Home Depot"" : ""2""}, {""Tractor Supply Company"" : ""2""}, {""Dillard's"" : ""1""}, {""Dollar Tree"" : ""1""}, {""Domino's"" : ""1""}, {""Dunkin'"" : ""1""}, {""Dutch Bros. Coffee"" : ""1""}, {""Einstein Bros. Bagels"" : ""1""}, {""Family Dollar"" : ""1""}, {""Five Guys"" : ""1""}, {""Food City"" : ""1""}, {""Fry's Food and Drug"" : ""1""}, {""GameStop"" : ""1""}, {""Great Clips"" : ""1""}, {""Harkins Theatres"" : ""1""}, {""Hobby Lobby"" : ""1""}, {""Jack in the Box"" : ""1""}, {""Americas Best Value Inn"" : ""1""}, {""Jo-Ann"" : ""1""}, {""KFC"" : ""1""}, {""Texaco"" : ""1""}, {""Little Free Library"" : ""1""}, {""Maurices"" : ""1""}, {""Black Bear Diner"" : ""1""}, {""wikipedia=en:Great Clips"" : ""1""}, {""Motel 6"" : ""1""}, {""Nissan"" : ""1""}, {""The UPS Store"" : ""1""}, {""Panda Express"" : ""1""}, {""Panera Bread"" : ""1""}, {""Papa Murphy's"" : ""1""}, {""Petco"" : ""1""}, {""PetSmart"" : ""1""}, {""TJ Maxx"" : ""1""}, {""Wilson's Gas Plus"" : ""1""}, {""Trader Joe's"" : ""1""}, {""Baskin-Robbins"" : ""1""}, {""Sally Beauty"" : ""1""}, {""Sears"" : ""1""}, {""Shell"" : ""1""}, {""Snap Fitness"" : ""1""}, {""Sonic"" : ""1""}, {""Bashas'"" : ""1""}, {""Sport Clips"" : ""1""}, {""Sportsman's Warehouse"" : ""1""}, {""Springboard Hospitality"" : ""1""}, {""Anytime Fitness"" : ""1""}, {""Western Union"" : ""1""}, {""Bank of America"" : ""1""}, {""Arby's"" : ""1""}, {""Super 8"" : ""1""}, {""Boost Mobile"" : ""1""}, {""Burger King"" : ""1""}, {""Carl's Jr."" : ""1""}, {""Chick-fil-A"" : ""1""}, {""Target"" : ""1""}, {""Circle K"" : ""1""}, {""Conoco"" : ""1""}, {""Costco Gasoline"" : ""1""}, {""Cracker Barrel"" : ""1""}, {""CVS Pharmacy"" : ""1""}, {""Dairy Queen"" : ""1""}, {""Dick's Sporting Goods"" : ""1""}]"
6	Navajo County	Arizona	29.7	106,802	108,147	85	1,345	4	"{""rooms_1"": ""{county:4.9|state:2.7|us:2.3}"", ""class_govt"": ""{county:32.5|state:13.8|us:13.9}"", ""race_native"": ""{county:43.9|state:4.3|us:0.8}"", ""housing_vacant"": ""{county:37.5|state:13.1|us:11.6}"", ""built_2000_2009"": ""{county:24.7|state:23.4|us:13.6}"", ""in_education_health"": ""{county:32.8|state:22.0|us:23.3}"", ""edu_college_nodegree"": ""{county:29.7|state:24.9|us:20.3}""}"	"[{""Speedway"" : ""16""}, {""Subway"" : ""4""}, {""Circle K"" : ""3""}, {""Conoco"" : ""2""}, {""Taco Bell"" : ""2""}, {""Bashas'"" : ""2""}, {""Family Dollar"" : ""2""}, {""Domino's"" : ""1""}, {""Holiday Inn Express"" : ""1""}, {""KFC"" : ""1""}, {""Little Caesars"" : ""1""}, {""Little Free Library"" : ""1""}, {""McDonald's"" : ""1""}, {""O'Reilly Auto Parts"" : ""1""}, {""Pizza Factory"" : ""1""}, {""Pizza Hut"" : ""1""}, {""Safeway"" : ""1""}, {""Starbucks"" : ""1""}, {""Tesla Supercharger"" : ""1""}, {""Tractor Supply Company"" : ""1""}, {""Ace Hardware"" : ""1""}, {""Verizon"" : ""1""}, {""Allstate"" : ""1""}, {""Americas Best Value Inn"" : ""1""}, {""A&W"" : ""1""}, {""Burger King"" : ""1""}, {""Carl's Jr."" : ""1""}, {""Dollar General"" : ""1""}]"
7	Mohave County	Arizona	29.6	214,070	217,692	803	3,622	6	"{""age_65_74"": ""{county:17.4|state:10.2|us:9.4}"", ""age_75_84"": ""{county:10.3|state:5.5|us:4.7}"", ""age_median"": ""{county:52.3|state:37.9|us:38.2}"", ""age_62_over"": ""{county:35.7|state:21.1|us:19.6}"", ""age_65_over"": ""{county:30.4|state:17.6|us:16.0}"", ""job_service"": ""{county:26.2|state:18.7|us:17.4}"", ""in_arts_food"": ""{county:17.8|state:10.4|us:9.4}"", ""built_1990_1999"": ""{county:24.0|state:20.0|us:13.9}"", ""built_2000_2009"": ""{county:29.2|state:23.4|us:13.6}"", ""edu_college_nodegree"": ""{county:29.6|state:24.9|us:20.3}""}"	"[{""Chevron"" : ""8""}, {""Shell"" : ""5""}, {""Subway"" : ""4""}, {""Mobil"" : ""3""}, {""Burger King"" : ""2""}, {""Tesla Supercharger"" : ""2""}, {""Texaco"" : ""2""}, {""Sam's Club"" : ""2""}, {""Circle K"" : ""2""}, {""Sonic"" : ""2""}, {""Sport Clips"" : ""2""}, {""Comfort Inn"" : ""2""}, {""76"" : ""2""}, {""Pilot"" : ""2""}, {""Taco Bell"" : ""2""}, {""Little Free Library"" : ""2""}, {""Iron Skillet"" : ""1""}, {""Little Caesars"" : ""1""}, {""McDonald's"" : ""1""}, {""Panda Express"" : ""1""}, {""Papa John's"" : ""1""}, {""Pizza Hut"" : ""1""}, {""Quality Inn & Suites"" : ""1""}, {""Red Robin"" : ""1""}, {""Rodeway Inn"" : ""1""}, {""Schlotzsky's"" : ""1""}, {""Staples"" : ""1""}, {""Starbucks"" : ""1""}, {""State Farm"" : ""1""}, {""Terrible's"" : ""1""}, {""Tesla, Inc."" : ""1""}, {""The Home Depot"" : ""1""}, {""The UPS Store"" : ""1""}, {""Truxton Station"" : ""1""}, {""Walgreens"" : ""1""}, {""Wells Fargo"" : ""1""}, {""Wendy's"" : ""1""}, {""Western Union"" : ""1""}, {""Anytime Fitness"" : ""1""}, {""AT&T"" : ""1""}, {""Bashas'"" : ""1""}, {""Big O Tires"" : ""1""}, {""Carl's Jr."" : ""1""}, {""Chase"" : ""1""}, {""Chevrolet"" : ""1""}, {""Chili's"" : ""1""}, {""Culver's"" : ""1""}, {""CVS Pharmacy"" : ""1""}, {""Del Taco"" : ""1""}, {""Flying J"" : ""1""}, {""Harbor Freight Tools"" : ""1""}, {""Hobby Lobby"" : ""1""}, {""Honda"" : ""1""}]"
8	Douglas County	Oregon	29.1	111,235	111,978	34	743	9	"{""units_boat_rv_van"": ""{county:0.7|state:0.3|us:0.1}"", ""edu_college_nodegree"": ""{county:29.1|state:25.0|us:20.3}""}"	"[{""Shell"" : ""4""}, {""Subway"" : ""4""}, {""76"" : ""3""}, {""Dollar Tree"" : ""3""}, {""Redbox"" : ""3""}, {""Chevron"" : ""3""}, {""Starbucks"" : ""3""}, {""United States Post Office"" : ""2""}, {""Mobil"" : ""2""}, {""Walgreens"" : ""2""}, {""McDonald's"" : ""2""}, {""Texaco"" : ""2""}, {""Pilot"" : ""2""}, {""Safeway"" : ""2""}, {""Best Western"" : ""2""}, {""Burger King"" : ""2""}, {""Blue Rhino"" : ""2""}, {""Dollar General"" : ""1""}, {""Domino's"" : ""1""}, {""Dutch Bros. Coffee"" : ""1""}, {""Farmers Insurance"" : ""1""}, {""FastBreak"" : ""1""}, {""Figaro's Pizza"" : ""1""}, {""Fred Meyer"" : ""1""}, {""GameStop"" : ""1""}, {""Goodwill"" : ""1""}, {""Grocery Outlet"" : ""1""}, {""Harbor Freight Tools"" : ""1""}, {""Holiday Inn Express"" : ""1""}, {""Howard Johnson"" : ""1""}, {""H&R Block"" : ""1""}, {""Jo-Ann"" : ""1""}, {""Keller Williams Realty"" : ""1""}, {""KFC"" : ""1""}, {""Little Caesars"" : ""1""}, {""Monster"" : ""1""}, {""Panda Express"" : ""1""}, {""Papa Murphy's"" : ""1""}, {""Pita Pit"" : ""1""}, {""Planet Fitness"" : ""1""}, {""Quality Inn"" : ""1""}, {""Ray's Food Place"" : ""1""}, {""Red Robin"" : ""1""}, {""Rite Aid"" : ""1""}, {""Rodeway Inn"" : ""1""}, {""Ross"" : ""1""}, {""Sherwin-Williams"" : ""1""}, {""Sinclair"" : ""1""}, {""Sportsman's Warehouse"" : ""1""}, {""Sprint"" : ""1""}, {""Supercuts"" : ""1""}, {""Taco Bell"" : ""1""}, {""Tesla, Inc."" : ""1""}, {""Tesla Supercharger"" : ""1""}, {""The Human Bean"" : ""1""}, {""Tractor Supply Company"" : ""1""}, {""Travelodge"" : ""1""}, {""True Value"" : ""1""}, {""Ulta Beauty"" : ""1""}, {""Umpqua Bank"" : ""1""}, {""U.S. Bank"" : ""1""}, {""U.S. Cellular"" : ""1""}, {""Verizon"" : ""1""}, {""Wells Fargo"" : ""1""}, {""Wendy's"" : ""1""}, {""YMCA"" : ""1""}, {""7-Eleven"" : ""1""}, {""Americas Best Value Inn"" : ""1""}, {""Anytime Fitness"" : ""1""}, {""Arby's"" : ""1""}, {""Arco"" : ""1""}, {""Ashley HomeStore"" : ""1""}, {""A&W"" : ""1""}, {""Banner Bank"" : ""1""}, {""Benevolent and Protective Order of Elks"" : ""1""}, {""Big Lots"" : ""1""}, {""Bi-Mart"" : ""1""}, {""Booster Juice"" : ""1""}, {""Coca-Cola"" : ""1""}, {""Comfort Inn"" : ""1""}, {""Cricket Wireless"" : ""1""}, {""Denny's"" : ""1""}]"
9	Cumberland County	North Carolina	28.7	334,370	335,508	-358	1,138	199	"{""age_20_24"": ""{county:10.1|state:6.7|us:6.7}"", ""age_25_34"": ""{county:17.1|state:13.4|us:13.9}"", ""units_5_9"": ""{county:7.1|state:4.2|us:4.6}"", ""race_black"": ""{county:37.2|state:21.4|us:12.6}"", ""units_10_19"": ""{county:5.5|state:4.2|us:4.3}"", ""occupied_renter"": ""{county:48.5|state:34.3|us:35.6}"", ""edu_college_nodegree"": ""{county:28.7|state:21.1|us:20.3}""}"	"[{""Subway"" : ""11""}, {""Speedway"" : ""10""}, {""Food Lion"" : ""8""}, {""McDonald's"" : ""7""}, {""BP"" : ""6""}, {""Walmart"" : ""5""}, {""Pizza Hut"" : ""5""}, {""Burger King"" : ""5""}, {""Circle K"" : ""5""}, {""Arby's"" : ""4""}, {""Family Dollar"" : ""4""}, {""GameStop"" : ""4""}, {""AT&T"" : ""4""}, {""Starbucks"" : ""3""}, {""Jersey Mike's Subs"" : ""3""}, {""Taco Bell"" : ""3""}, {""Dollar Tree"" : ""3""}, {""Bojangles'"" : ""3""}, {""Redbox"" : ""3""}, {""Coinstar"" : ""3""}, {""Fantastic Sams"" : ""3""}, {""Sally Beauty"" : ""3""}, {""Zaxby's"" : ""3""}, {""T-Mobile"" : ""3""}, {""KFC"" : ""3""}, {""CVS Pharmacy"" : ""2""}, {""Five Guys"" : ""2""}, {""Sport Clips"" : ""2""}, {""Foot Locker"" : ""2""}, {""Jason's Deli"" : ""2""}, {""Boost Mobile"" : ""2""}, {""Jimmy John's"" : ""2""}, {""Advance Auto Parts"" : ""2""}, {""Journeys"" : ""2""}, {""Econo Lodge"" : ""2""}, {""Kangaroo Express"" : ""2""}, {""Papa John's"" : ""2""}, {""Tropical Smoothie Cafe"" : ""2""}, {""Edible Arrangements"" : ""2""}, {""Cricket Wireless"" : ""2""}, {""Mattress Firm"" : ""2""}, {""Liberty Tax"" : ""2""}, {""Great Clips"" : ""2""}, {""Exxon"" : ""2""}, {""Rainbow"" : ""2""}, {""Wendy's"" : ""2""}, {""Harris Teeter"" : ""2""}, {""rue21"" : ""2""}, {""Edward Jones"" : ""1""}, {""Express"" : ""1""}, {""Fairfield Inn"" : ""1""}, {""FedEx Office"" : ""1""}, {""Finish Line"" : ""1""}, {""Firestone"" : ""1""}, {""First Watch"" : ""1""}, {""Five Below"" : ""1""}, {""Footaction"" : ""1""}, {""Forever 21"" : ""1""}, {""Francesca's"" : ""1""}, {""Freddy's"" : ""1""}, {""Gabe's"" : ""1""}, {""Gander Outdoors"" : ""1""}, {""GNC"" : ""1""}, {""Great American Cookies"" : ""1""}, {""Guitar Center"" : ""1""}, {""Gymboree"" : ""1""}, {""Hand & Stone Massage and Facial Spa"" : ""1""}, {""Harbor Freight Tools"" : ""1""}, {""Hardee's"" : ""1""}, {""Helzberg Diamonds"" : ""1""}, {""Hibbett Sports"" : ""1""}, {""H&M"" : ""1""}, {""Hobby Lobby"" : ""1""}, {""HomeGoods"" : ""1""}, {""Hot Topic"" : ""1""}, {""H&R Block"" : ""1""}, {""IHOP"" : ""1""}, {""JCPenney"" : ""1""}, {""Jiffy Lube"" : ""1""}, {""JOANN Fabrics and Crafts"" : ""1""}, {""Justice"" : ""1""}, {""Kay Jewelers"" : ""1""}, {""Kirkland's"" : ""1""}, {""Kumon"" : ""1""}, {""Lane Bryant"" : ""1""}, {""Lidl"" : ""1""}, {""Lids"" : ""1""}, {""Little Caesars"" : ""1""}, {""Loft"" : ""1""}, {""Lowe's"" : ""1""}, {""Macy's"" : ""1""}, {""Marco's Pizza"" : ""1""}, {""Marshalls"" : ""1""}, {""Massage Envy"" : ""1""}, {""Men's Wearhouse"" : ""1""}, {""Michaels"" : ""1""}, {""MOD Pizza"" : ""1""}, {""Motel 6"" : ""1""}, {""Motherhood Maternity"" : ""1""}, {""Murphy USA"" : ""1""}, {""Nationwide"" : ""1""}, {""Navy Federal Credit Union"" : ""1""}, {""New York & Company"" : ""1""}, {""Noodles & Company"" : ""1""}, {""Nothing Bundt Cakes"" : ""1""}, {""Office Depot"" : ""1""}, {""Old Navy"" : ""1""}, {""PacSun"" : ""1""}, {""Pandora"" : ""1""}, {""Panera Bread"" : ""1""}, {""Party City"" : ""1""}, {""Petco"" : ""1""}, {""PetSmart"" : ""1""}, {""Planet Fitness"" : ""1""}, {""Plato's Closet"" : ""1""}, {""Play It Again Sports"" : ""1""}, {""Quality Inn"" : ""1""}, {""Rent-A-Center"" : ""1""}, {""Rite Aid"" : ""1""}, {""Rodeway Inn"" : ""1""}, {""Roses"" : ""1""}, {""Ross"" : ""1""}, {""Sarku Japan"" : ""1""}, {""Sephora"" : ""1""}, {""Shoe Carnival"" : ""1""}, {""Shoe Show"" : ""1""}, {""Sleep Number"" : ""1""}, {""Smoothie King"" : ""1""}, {""Sonic"" : ""1""}, {""Spectrum"" : ""1""}, {""Sprint"" : ""1""}, {""Sprouts Farmers Market"" : ""1""}, {""Staples"" : ""1""}, {""State Employees Credit Union"" : ""1""}, {""Sunglass Hut"" : ""1""}, {""sweetFrog"" : ""1""}, {""Tesla Supercharger"" : ""1""}, {""The Children's Place"" : ""1""}, {""The Vitamin Shoppe"" : ""1""}, {""Things Remembered"" : ""1""}, {""Tillys"" : ""1""}, {""TJ Maxx"" : ""1""}, {""Torrid"" : ""1""}, {""Tractor Supply Company"" : ""1""}, {""Ulta Beauty"" : ""1""}, {""UPS"" : ""1""}, {""USAA"" : ""1""}, {""Vans"" : ""1""}, {""Verizon"" : ""1""}, {""Verizon Wireless"" : ""1""}, {""Victoria's Secret"" : ""1""}, {""Visionworks"" : ""1""}, {""Waffle House"" : ""1""}, {""Walgreens"" : ""1""}, {""Which Wich?"" : ""1""}, {""White House Black Market"" : ""1""}, {""Wingstop"" : ""1""}, {""World Market"" : ""1""}, {""Yankee Candle"" : ""1""}, {""Zales"" : ""1""}, {""Zoës Kitchen"" : ""1""}, {""Aaron's"" : ""1""}, {""Zumiez"" : ""1""}, {""Aeropostale"" : ""1""}, {""Aldo"" : ""1""}, {""Allstate"" : ""1""}, {""American Automobile Association"" : ""1""}, {""American Eagle Outfitters"" : ""1""}, {""American Legion"" : ""1""}, {""America's Best Contacts & Eyeglasses"" : ""1""}, {""Amoco"" : ""1""}, {""Applebee's Neighborhood Grill & Bar"" : ""1""}, {""Ashley HomeStore"" : ""1""}, {""AutoZone"" : ""1""}, {""Bank of America"" : ""1""}, {""Barnes & Noble"" : ""1""}, {""Baskin-Robbins"" : ""1""}, {""Bath & Body Works"" : ""1""}, {""Bed Bath & Beyond"" : ""1""}, {""Belk"" : ""1""}, {""Buckle"" : ""1""}, {""Build-A-Bear Workshop"" : ""1""}, {""Burlington"" : ""1""}, {""Buy Buy Baby"" : ""1""}, {""Capital Bank"" : ""1""}, {""Carquest"" : ""1""}, {""Cato"" : ""1""}, {""Champs Sports"" : ""1""}, {""Charlotte Russe"" : ""1""}, {""Checkers"" : ""1""}, {""Chick-fil-A"" : ""1""}, {""Chico's"" : ""1""}, {""Chipotle"" : ""1""}, {""Cicis"" : ""1""}, {""Cinnabon"" : ""1""}, {""Citi Trends"" : ""1""}, {""claire's"" : ""1""}, {""Cold Stone Creamery"" : ""1""}, {""Cook Out"" : ""1""}, {""Country Inn & Suites"" : ""1""}, {""Courtyard"" : ""1""}, {""Dairy Queen"" : ""1""}, {""David's Bridal"" : ""1""}, {""Days Inn"" : ""1""}, {""Dick's Sporting Goods"" : ""1""}, {""Domino's"" : ""1""}, {""DQ Grill & Chill"" : ""1""}, {""DSW"" : ""1""}, {""Dunkin'"" : ""1""}, {""DXL Men's Apparel"" : ""1""}]"
9	Yamhill County	Oregon	28.7	107,832	108,239	110	407	58	"{""rent_1500_1999"": ""{county:16.5|state:18.1|us:14.9}"", ""value_300000_499999"": ""{county:36.6|state:36.7|us:20.5}"", ""edu_college_nodegree"": ""{county:28.7|state:25.0|us:20.3}""}"	"[{""Western Union"" : ""3""}, {""Redbox"" : ""3""}, {""Little Free Library"" : ""3""}, {""Shell"" : ""3""}, {""Blue Rhino"" : ""3""}, {""Starbucks"" : ""3""}, {""Walgreens"" : ""2""}, {""State Farm"" : ""2""}, {""Fred Meyer"" : ""2""}, {""Safeway"" : ""2""}, {""Texaco"" : ""2""}, {""Rite Aid"" : ""2""}, {""Cold Stone Creamery"" : ""1""}, {""Columbia Bank"" : ""1""}, {""Comfort Inn & Suites"" : ""1""}, {""Cricket Wireless"" : ""1""}, {""Dollar Tree"" : ""1""}, {""Edward Jones"" : ""1""}, {""ExtraMile"" : ""1""}, {""FedEx"" : ""1""}, {""Great Clips"" : ""1""}, {""Grocery Outlet"" : ""1""}, {""H&R Block"" : ""1""}, {""KeyBank"" : ""1""}, {""Metro by T-Mobile"" : ""1""}, {""NAPA Auto Parts"" : ""1""}, {""OnPoint"" : ""1""}, {""O'Reilly Auto Parts"" : ""1""}, {""Panda Express"" : ""1""}, {""Pizza Hut"" : ""1""}, {""Point S"" : ""1""}, {""Popeyes"" : ""1""}, {""Ruby Tuesday"" : ""1""}, {""Staples"" : ""1""}, {""Subway"" : ""1""}, {""Tan Republic"" : ""1""}, {""Ace Hardware"" : ""1""}, {""The UPS Store"" : ""1""}, {""United States Post Office"" : ""1""}, {""U.S. Bank"" : ""1""}, {""USPS"" : ""1""}, {""The Human Bean"" : ""1""}, {""Albertsons"" : ""1""}, {""Anytime Fitness"" : ""1""}, {""AT&T"" : ""1""}, {""AutoZone"" : ""1""}, {""Best Western"" : ""1""}, {""Blimpie"" : ""1""}, {""Blink"" : ""1""}, {""Boost Mobile"" : ""1""}, {""BottleDrop"" : ""1""}, {""Chevron"" : ""1""}, {""Circle K"" : ""1""}]"
9	San Juan County	New Mexico	28.7	121,429	120,993	-232	-436	8	"{""rooms_1"": ""{county:5.4|state:2.8|us:2.3}"", ""race_native"": ""{county:38.8|state:9.3|us:0.8}"", ""units_mobile"": ""{county:32.3|state:16.7|us:6.0}"", ""edu_college_nodegree"": ""{county:28.7|state:23.4|us:20.3}""}"	"[{""Speedway"" : ""58""}, {""Dollar General"" : ""3""}, {""Burger King"" : ""2""}, {""Dero"" : ""1""}, {""DQ Grill & Chill"" : ""1""}, {""Dunkin'"" : ""1""}, {""Enterprise"" : ""1""}, {""KFC"" : ""1""}, {""NAPA Auto Parts"" : ""1""}, {""Natural Grocers"" : ""1""}, {""Olive Garden"" : ""1""}, {""Safeway"" : ""1""}, {""Shell"" : ""1""}, {""Sinclair"" : ""1""}, {""Smith's"" : ""1""}, {""Sonic"" : ""1""}, {""Subway"" : ""1""}, {""Taco Bell"" : ""1""}, {""Tesla Supercharger"" : ""1""}, {""United States Post Office"" : ""1""}, {""Walgreens"" : ""1""}, {""Ace Hardware"" : ""1""}, {""Wells Fargo"" : ""1""}, {""AutoZone"" : ""1""}, {""Blake's Lotaburger"" : ""1""}]"
10	Washington County	Utah	28.5	181,924	191,226	1,645	9,302	30	"{""job_sales"": ""{county:26.0|state:23.7|us:21.3}"", ""ancestry_swiss"": ""{county:2.2|state:1.1|us:0.3}"", ""ancestry_welsh"": ""{county:1.6|state:1.9|us:0.6}"", ""ancestry_danish"": ""{county:4.3|state:4.6|us:0.4}"", ""built_1990_1999"": ""{county:24.4|state:17.2|us:13.9}"", ""built_2000_2009"": ""{county:30.5|state:19.4|us:13.6}"", ""built_2010_2013"": ""{county:7.2|state:4.9|us:2.7}"", ""ancestry_english"": ""{county:28.0|state:24.1|us:7.7}"", ""built_2014_later"": ""{county:9.8|state:6.8|us:3.5}"", ""ancestry_scottish"": ""{county:4.8|state:4.2|us:1.6}"", ""value_200000_299999"": ""{county:30.1|state:28.0|us:20.0}"", ""value_300000_499999"": ""{county:36.8|state:35.8|us:20.5}"", ""edu_college_nodegree"": ""{county:28.5|state:25.5|us:20.3}""}"	"[{""Redbox"" : ""11""}, {""Subway"" : ""11""}, {""Maverik"" : ""9""}, {""Starbucks"" : ""6""}, {""Little Caesars"" : ""5""}, {""Chevron"" : ""5""}, {""Sprint"" : ""4""}, {""Verizon"" : ""4""}, {""Big O Tires"" : ""4""}, {""Great Clips"" : ""4""}, {""Jimmy John's"" : ""3""}, {""Boost Mobile"" : ""3""}, {""Panda Express"" : ""3""}, {""Pizza Hut"" : ""3""}, {""Chick-fil-A"" : ""3""}, {""Dollar Tree"" : ""3""}, {""Domino's"" : ""3""}, {""America First Credit Union"" : ""2""}, {""Dairy Queen"" : ""2""}, {""Pizza Factory"" : ""2""}, {""The Home Depot"" : ""2""}, {""Sinclair"" : ""2""}, {""Dutch Bros. Coffee"" : ""2""}, {""Massage Envy"" : ""2""}, {""T-Mobile"" : ""2""}, {""Bath & Body Works"" : ""2""}, {""Farmers Insurance"" : ""2""}, {""Tropical Smoothie Cafe"" : ""2""}, {""Edward Jones"" : ""2""}, {""Blaze Pizza"" : ""2""}, {""McDonald's"" : ""2""}, {""AT&T"" : ""2""}, {""Hungry Howie's"" : ""2""}, {""Speedway"" : ""2""}, {""Carl's Jr."" : ""2""}, {""Arctic Circle"" : ""2""}, {""Walgreens"" : ""2""}, {""Cafe Rio"" : ""2""}, {""Wells Fargo"" : ""2""}, {""Wendy's"" : ""2""}, {""Shell"" : ""2""}, {""Papa Murphy's"" : ""2""}, {""Grease Monkey"" : ""2""}, {""Tesla Supercharger"" : ""2""}, {""Papa John's"" : ""2""}, {""Edible Arrangements"" : ""1""}, {""Einstein Bros. Bagels"" : ""1""}, {""Electrify America"" : ""1""}, {""Everbowl"" : ""1""}, {""Family Dollar"" : ""1""}, {""Famous Footwear"" : ""1""}, {""Fantastic Sams"" : ""1""}, {""FedEx"" : ""1""}, {""FedEx Office"" : ""1""}, {""Firehouse Subs"" : ""1""}, {""Five Below"" : ""1""}, {""Five Guys"" : ""1""}, {""Foot Locker"" : ""1""}, {""Foot Solutions"" : ""1""}, {""Ford;Lincoln"" : ""1""}, {""Freddy's"" : ""1""}, {""Fred Meyer Jewelers"" : ""1""}, {""GameStop"" : ""1""}, {""Gap"" : ""1""}, {""GNC"" : ""1""}, {""Harbor Freight Tools"" : ""1""}, {""Honda;Mazda"" : ""1""}, {""Honda;Polaris"" : ""1""}, {""H&R Block"" : ""1""}, {""HuHot"" : ""1""}, {""Hurricane Coral Canyon Market"" : ""1""}, {""Jamba"" : ""1""}, {""JCPenney"" : ""1""}, {""Jersey Mike's Subs"" : ""1""}, {""Jiffy Lube"" : ""1""}, {""Jo-Ann"" : ""1""}, {""Journeys"" : ""1""}, {""Justice"" : ""1""}, {""Kay Jewelers"" : ""1""}, {""Kohl's"" : ""1""}, {""Lane Bryant"" : ""1""}, {""LensCrafters"" : ""1""}, {""Levi's"" : ""1""}, {""Liberty Tax"" : ""1""}, {""Lowe's"" : ""1""}, {""Lululemon"" : ""1""}, {""Mattress Firm"" : ""1""}, {""Maurices"" : ""1""}, {""Menchie's"" : ""1""}, {""Men's Wearhouse"" : ""1""}, {""Mercedes-Benz"" : ""1""}, {""Metro by T-Mobile"" : ""1""}, {""Michaels"" : ""1""}, {""Motherhood Maternity"" : ""1""}, {""Mountain America Credit Union"" : ""1""}, {""Nissan"" : ""1""}, {""Nothing Bundt Cakes"" : ""1""}, {""Old Navy"" : ""1""}, {""Orangetheory Fitness"" : ""1""}, {""O'Reilly Auto Parts"" : ""1""}, {""Outback Steakhouse"" : ""1""}, {""PacSun"" : ""1""}, {""Perfumania"" : ""1""}, {""Petco"" : ""1""}, {""PetSmart"" : ""1""}, {""Phillips 66"" : ""1""}, {""Pieology Pizzeria"" : ""1""}, {""Planet Fitness"" : ""1""}, {""Popeyes"" : ""1""}, {""Pretzelmaker"" : ""1""}, {""Quality Inn & Suites"" : ""1""}, {""Rocky Mountain Chocolate Factory"" : ""1""}, {""Ross"" : ""1""}, {""rue21"" : ""1""}, {""Safelite AutoGlass"" : ""1""}, {""Sally Beauty"" : ""1""}, {""Seagull Book"" : ""1""}, {""See's Candies"" : ""1""}, {""Shoe Carnival"" : ""1""}, {""Simply Mac"" : ""1""}, {""Skechers"" : ""1""}, {""Sleep Number"" : ""1""}, {""Smashburger"" : ""1""}, {""Spencer Gifts"" : ""1""}, {""Sport Clips"" : ""1""}, {""SpringHill Suites"" : ""1""}, {""Staples"" : ""1""}, {""Sunglass Hut"" : ""1""}, {""Taco Time"" : ""1""}, {""Target"" : ""1""}, {""Teriyaki Madness"" : ""1""}, {""Tesla, Inc."" : ""1""}, {""Texaco"" : ""1""}, {""Texas Roadhouse"" : ""1""}, {""The Children's Place"" : ""1""}, {""The Habit Burger Grill"" : ""1""}, {""The Joint Chiropractic"" : ""1""}, {""The UPS Store"" : ""1""}, {""TJ Maxx"" : ""1""}, {""Torrid"" : ""1""}, {""Toyota"" : ""1""}, {""Tuesday Morning"" : ""1""}, {""uBreakiFix"" : ""1""}, {""Ulta Beauty"" : ""1""}, {""University of Phoenix"" : ""1""}, {""U.S. Bank"" : ""1""}, {""Van Heusen"" : ""1""}, {""Victoria's Secret"" : ""1""}, {""Walmart"" : ""1""}, {""White House Black Market"" : ""1""}, {""WW Studio"" : ""1""}, {""Yogurtland"" : ""1""}, {""Zions Bank"" : ""1""}, {""1st Stop"" : ""1""}, {""Zumiez"" : ""1""}, {""Aaron's"" : ""1""}, {""Ace Hardware"" : ""1""}, {""Advance America"" : ""1""}, {""Aeropostale"" : ""1""}, {""Albertsons"" : ""1""}, {""Allstate"" : ""1""}, {""American Family Insurance"" : ""1""}, {""America's Best Contacts & Eyeglasses"" : ""1""}, {""Applebee's Neighborhood Grill & Bar"" : ""1""}, {""Arctic Cat"" : ""1""}, {""Ashley HomeStore"" : ""1""}, {""Barnes & Noble"" : ""1""}, {""Baskin-Robbins"" : ""1""}, {""Batteries Plus Bulbs"" : ""1""}, {""Bed Bath & Beyond"" : ""1""}, {""Best Buy"" : ""1""}, {""Best Western"" : ""1""}, {""Big 5 Sporting Goods"" : ""1""}, {""Black Bear Diner"" : ""1""}, {""BonWorth"" : ""1""}, {""Buckle"" : ""1""}, {""Buffalo Wild Wings"" : ""1""}, {""Build-A-Bear Workshop"" : ""1""}, {""Burger King"" : ""1""}, {""Century 21"" : ""1""}, {""Chase"" : ""1""}, {""Chevrolet;Cadillac"" : ""1""}, {""Chico's"" : ""1""}, {""Chipotle"" : ""1""}, {""Christopher & Banks"" : ""1""}, {""Chrysler;Jeep;Dodge"" : ""1""}, {""claire's"" : ""1""}, {""Cold Stone Creamery"" : ""1""}, {""Costa Vida"" : ""1""}, {""Costco Gasoline"" : ""1""}, {""Cricket Wireless"" : ""1""}, {""Culver's"" : ""1""}, {""Days Inn"" : ""1""}, {""Del Taco"" : ""1""}, {""Dero"" : ""1""}, {""Dick's Sporting Goods"" : ""1""}, {""Dillard's"" : ""1""}, {""Dollar General"" : ""1""}, {""Eddie Bauer"" : ""1""}]"
10	Onslow County	North Carolina	28.5	204,735	206,160	159	1,425	104	"{""age_20_24"": ""{county:17.5|state:6.7|us:6.7}"", ""age_25_34"": ""{county:18.4|state:13.4|us:13.9}"", ""age_5_under"": ""{county:8.6|state:5.8|us:6.0}"", ""rent_1000_1499"": ""{county:43.0|state:31.4|us:30.2}"", ""built_2010_2013"": ""{county:13.5|state:4.0|us:2.7}"", ""occupied_renter"": ""{county:45.8|state:34.3|us:35.6}"", ""units_1_attached"": ""{county:9.5|state:4.3|us:5.9}"", ""value_150000_199999"": ""{county:27.5|state:16.6|us:13.6}"", ""edu_college_nodegree"": ""{county:28.5|state:21.1|us:20.3}""}"	"[{""Speedway"" : ""20""}, {""Subway"" : ""5""}, {""Walmart"" : ""5""}, {""McDonald's"" : ""4""}, {""Taco Bell"" : ""3""}, {""Food Lion"" : ""3""}, {""Family Dollar"" : ""2""}, {""Dollar Tree"" : ""2""}, {""CVS Pharmacy"" : ""2""}, {""Walgreens"" : ""2""}, {""Hardee's"" : ""2""}, {""Denny's"" : ""2""}, {""Coinstar"" : ""1""}, {""Cold Stone Creamery"" : ""1""}, {""Dairy Queen"" : ""1""}, {""Dick's Sporting Goods"" : ""1""}, {""Dollar General"" : ""1""}, {""Domino's Pizza"" : ""1""}, {""DTLR"" : ""1""}, {""Dunkin' Donuts"" : ""1""}, {""Enterprise"" : ""1""}, {""Exxon"" : ""1""}, {""Five Below"" : ""1""}, {""Foot Locker"" : ""1""}, {""Forever 21"" : ""1""}, {""GameStop"" : ""1""}, {""GNC"" : ""1""}, {""Golden Corral"" : ""1""}, {""Handy Mart"" : ""1""}, {""Hertz"" : ""1""}, {""Hollister"" : ""1""}, {""Honey Baked Ham"" : ""1""}, {""Jackson Hewitt"" : ""1""}, {""Jimmy John's"" : ""1""}, {""Journeys"" : ""1""}, {""Kay Jewelers"" : ""1""}, {""Liberty Tax"" : ""1""}, {""Lowe's"" : ""1""}, {""Mattress Warehouse"" : ""1""}, {""Noodles & Company"" : ""1""}, {""O'Reilly Auto Parts"" : ""1""}, {""Panda Express"" : ""1""}, {""Piggly Wiggly"" : ""1""}, {""Redbox"" : ""1""}, {""Red Lobster"" : ""1""}, {""Regal Nails"" : ""1""}, {""Roses"" : ""1""}, {""Ross"" : ""1""}, {""rue21"" : ""1""}, {""Sam's Club"" : ""1""}, {""Starbucks"" : ""1""}, {""The Children's Place"" : ""1""}, {""Torrid"" : ""1""}, {""Vans"" : ""1""}, {""Wendy's"" : ""1""}, {""Zales"" : ""1""}, {""Applebee's Neighborhood Grill & Bar"" : ""1""}, {""Zaxby's"" : ""1""}, {""Baskin-Robbins"" : ""1""}, {""Bed Bath & Beyond"" : ""1""}, {""Best Buy"" : ""1""}, {""Big Lots"" : ""1""}, {""Bojangles'"" : ""1""}, {""BP"" : ""1""}, {""Buckle"" : ""1""}, {""Burger King"" : ""1""}, {""ChargePoint"" : ""1""}, {""Chick-fil-A"" : ""1""}, {""Chipotle"" : ""1""}]"
