rank	name	state	edu_9_less	popestimate2020	popestimate2021	npopchg2020	npopchg2021	pop_sqkm	zscore_1_65	brand
1	Hidalgo County	Texas	19.9	872,204	880,356	1,423	8,152	216	"{""age_5_9"": ""{county:8.7|state:7.0|us:6.1}"", ""pop2020"": ""{county:861137|state:28635442|us:326569308}"", ""age_10_14"": ""{county:9.6|state:7.4|us:6.5}"", ""edu_9_less"": ""{county:19.9|state:7.8|us:4.9}"", ""race_mixed"": ""{county:11.4|state:7.0|us:5.2}"", ""age_5_under"": ""{county:8.9|state:7.0|us:6.0}"", ""age_under18"": ""{county:32.6|state:25.8|us:22.4}"", ""housing_total"": ""{county:281380|state:11112975|us:138432751}"", ""housing_units"": ""{county:281380|state:11112975|us:138432751}"", ""race_hispanic"": ""{county:92.3|state:39.4|us:18.2}"", ""built_2000_2009"": ""{county:29.7|state:18.7|us:13.6}"", ""built_2014_later"": ""{county:6.5|state:7.1|us:3.5}""}"	"[{""H-E-B"" : ""12""}, {""H-E-B Pharmacy"" : ""7""}, {""Subway"" : ""6""}, {""Ross"" : ""5""}, {""McDonald's"" : ""5""}, {""Burger King"" : ""5""}, {""TJ Maxx"" : ""4""}, {""Sally Beauty"" : ""4""}, {""Walmart"" : ""4""}, {""CVS Pharmacy"" : ""3""}, {""AT&T"" : ""3""}, {""Redbox"" : ""3""}, {""GameStop"" : ""3""}, {""Dero"" : ""3""}, {""GNC"" : ""3""}, {""Sprint"" : ""3""}, {""Chipotle"" : ""3""}, {""Starbucks"" : ""3""}, {""Target"" : ""3""}, {""Mattress Firm"" : ""3""}, {""Dollar Tree"" : ""3""}, {""Coinstar"" : ""3""}, {""Wells Fargo"" : ""3""}, {""Office Depot"" : ""3""}, {""Petco"" : ""3""}, {""Regis"" : ""2""}, {""Jason's Deli"" : ""2""}, {""DaVi Nails"" : ""2""}, {""T-Mobile"" : ""2""}, {""Rack Room Shoes"" : ""2""}, {""Barnes & Noble"" : ""2""}, {""Church's Chicken"" : ""2""}, {""Merle Norman Cosmetics"" : ""2""}, {""Which Wich?"" : ""2""}, {""Forever 21"" : ""2""}, {""Carter's"" : ""2""}, {""Shoe Carnival"" : ""2""}, {""Wingstop"" : ""2""}, {""Burlington"" : ""2""}, {""Cricket Wireless"" : ""2""}, {""America's Best Contacts & Eyeglasses"" : ""2""}, {""Popeyes"" : ""2""}, {""Party City"" : ""2""}, {""Lane Bryant"" : ""2""}, {""Five Below"" : ""2""}, {""PetSmart"" : ""2""}, {""Texas Roadhouse"" : ""2""}, {""Jackson Hewitt"" : ""1""}, {""James Avery Jewelry"" : ""1""}, {""JCPenney"" : ""1""}, {""JOANN Fabrics and Crafts"" : ""1""}, {""Johnny Rockets"" : ""1""}, {""JoS. A. Bank"" : ""1""}, {""Kay Jewelers"" : ""1""}, {""Leslie's Pool Supplies"" : ""1""}, {""Liberty Tax"" : ""1""}, {""Little Caesars"" : ""1""}, {""Luby's"" : ""1""}, {""Macy's"" : ""1""}, {""Marble Slab Creamery"" : ""1""}, {""Marshalls"" : ""1""}, {""Mathnasium"" : ""1""}, {""Menchie's"" : ""1""}, {""Men's Wearhouse"" : ""1""}, {""Metro by T-Mobile"" : ""1""}, {""MetroPCS"" : ""1""}, {""Michaels"" : ""1""}, {""Murphy USA"" : ""1""}, {""Nothing Bundt Cakes"" : ""1""}, {""Old Navy"" : ""1""}, {""Pizza Hut"" : ""1""}, {""Planet Fitness"" : ""1""}, {""Radisson"" : ""1""}, {""Rent-A-Center"" : ""1""}, {""Rocky Mountain Chocolate Factory"" : ""1""}, {""rue21"" : ""1""}, {""Schlotzsky's"" : ""1""}, {""Sherwin-Williams"" : ""1""}, {""Skechers"" : ""1""}, {""Sleep Number"" : ""1""}, {""Sport Clips"" : ""1""}, {""Staples"" : ""1""}, {""Stripes"" : ""1""}, {""The Joint Chiropractic"" : ""1""}, {""The Vitamin Shoppe"" : ""1""}, {""Torrid"" : ""1""}, {""Tropical Smoothie Cafe"" : ""1""}, {""Tuesday Morning"" : ""1""}, {""Ulta Beauty"" : ""1""}, {""Verizon"" : ""1""}, {""Victoria's Secret"" : ""1""}, {""Visionworks"" : ""1""}, {""Vitamin World"" : ""1""}, {""Walgreens"" : ""1""}, {""Wendy's"" : ""1""}, {""Whataburger"" : ""1""}, {""World Market"" : ""1""}, {""Zara"" : ""1""}, {""Abercrombie & Fitch"" : ""1""}, {""Zoës Kitchen"" : ""1""}, {""Academy Sports + Outdoors"" : ""1""}, {""Aeropostale"" : ""1""}, {""Allstate"" : ""1""}, {""American Eagle Outfitters"" : ""1""}, {""Applebee’s"" : ""1""}, {""Ashley HomeStore"" : ""1""}, {""Avenue"" : ""1""}, {""Banana Republic"" : ""1""}, {""Baskin-Robbins"" : ""1""}, {""Bath & Body Works"" : ""1""}, {""Batteries Plus Bulbs"" : ""1""}, {""Bealls"" : ""1""}, {""Bed Bath & Beyond"" : ""1""}, {""Ben & Jerry's"" : ""1""}, {""Best Buy"" : ""1""}, {""Big Lots"" : ""1""}, {""Buy Buy Baby"" : ""1""}, {""Cash Store"" : ""1""}, {""Chase"" : ""1""}, {""Chick-fil-A"" : ""1""}, {""Chico's"" : ""1""}, {""Chuck E. Cheese's"" : ""1""}, {""Cicis"" : ""1""}, {""Crunch Fitness"" : ""1""}, {""David's Bridal"" : ""1""}, {""dd's Discounts"" : ""1""}, {""Dick's Sporting Goods"" : ""1""}, {""Dillard's"" : ""1""}, {""Discount Tire"" : ""1""}, {""Dollar General"" : ""1""}, {""DSW"" : ""1""}, {""DXL Men's Apparel"" : ""1""}, {""EagleRider"" : ""1""}, {""European Wax Center"" : ""1""}, {""Express"" : ""1""}, {""Fastsigns"" : ""1""}, {""Fazoli's"" : ""1""}, {""Foot Locker"" : ""1""}, {""Gap"" : ""1""}, {""Gatti's Pizza"" : ""1""}, {""Guess"" : ""1""}, {""H&M"" : ""1""}, {""Hobby Lobby"" : ""1""}, {""HomeGoods"" : ""1""}, {""H&R Block"" : ""1""}, {""Jack in the Box"" : ""1""}]"
2	Monterey County	California	18.4	438,500	437,325	-535	-1,175	51	"{""units_5_9"": ""{county:6.3|state:5.9|us:4.6}"", ""edu_9_less"": ""{county:18.4|state:8.9|us:4.9}"", ""income_mean"": ""{county:104485|state:111622|us:91547}"", ""rent_median"": ""{county:1600|state:1586|us:1096}"", ""value_median"": ""{county:559400|state:538500|us:229800}"", ""race_hispanic"": ""{county:59.0|state:39.1|us:18.2}"", ""rent_1500_1999"": ""{county:28.8|state:23.8|us:14.9}"", ""rent_2000_2499"": ""{county:14.7|state:14.5|us:6.2}"", ""rent_2500_2999"": ""{county:5.4|state:7.6|us:2.6}"", ""rent_3000_more"": ""{county:6.8|state:8.2|us:2.8}"", ""occupied_renter"": ""{county:48.2|state:44.7|us:35.6}"", ""job_construction"": ""{county:19.4|state:8.8|us:8.7}"", ""income_200000_more"": ""{county:11.1|state:13.3|us:8.3}"", ""value_1000000_more"": ""{county:15.2|state:16.7|us:3.7}"", ""value_300000_499999"": ""{county:30.6|state:26.0|us:20.5}"", ""value_500000_999999"": ""{county:41.5|state:37.0|us:12.3}""}"	"[{""Starbucks"" : ""19""}, {""Subway"" : ""15""}, {""Burger King"" : ""7""}, {""Valero"" : ""7""}, {""Chevron"" : ""7""}, {""CVS Pharmacy"" : ""7""}, {""7-Eleven"" : ""6""}, {""The UPS Store"" : ""5""}, {""Taco Bell"" : ""5""}, {""Mountain Mike's"" : ""5""}, {""Wells Fargo"" : ""5""}, {""Arco"" : ""5""}, {""AutoZone"" : ""5""}, {""Jack in the Box"" : ""4""}, {""Chipotle"" : ""4""}, {""Chase"" : ""4""}, {""Shell"" : ""4""}, {""Round Table Pizza"" : ""4""}, {""Ace Hardware"" : ""4""}, {""O'Reilly Auto Parts"" : ""4""}, {""McDonald's"" : ""4""}, {""Jamba"" : ""3""}, {""Union Bank"" : ""3""}, {""Anytime Fitness"" : ""3""}, {""Metro by T-Mobile"" : ""3""}, {""Cricket Wireless"" : ""3""}, {""Lucky"" : ""3""}, {""Little Caesars"" : ""3""}, {""Verizon"" : ""3""}, {""Bank of America"" : ""3""}, {""Rite Aid"" : ""3""}, {""Panda Express"" : ""3""}, {""76"" : ""2""}, {""AT&T"" : ""2""}, {""Baskin-Robbins"" : ""2""}, {""BevMo!"" : ""2""}, {""Buffalo Wild Wings"" : ""2""}, {""Carl's Jr."" : ""2""}, {""ChargePoint"" : ""2""}, {""Circle K"" : ""2""}, {""Coldwell Banker"" : ""2""}, {""Dollar General"" : ""2""}, {""Domino's"" : ""2""}, {""Famous Footwear"" : ""2""}, {""Five Guys"" : ""2""}, {""Gap"" : ""2""}, {""Great Clips"" : ""2""}, {""H&R Block"" : ""2""}, {""Liberty Tax"" : ""2""}, {""Marshalls"" : ""2""}, {""Office Depot"" : ""2""}, {""PetSmart"" : ""2""}, {""Pilot"" : ""2""}, {""Rabobank"" : ""2""}, {""Rent-A-Center"" : ""2""}, {""Speedway"" : ""2""}, {""Sunglass Hut"" : ""2""}, {""Target"" : ""2""}, {""Tesla Supercharger"" : ""2""}, {""T-Mobile"" : ""2""}, {""True Value"" : ""2""}, {""Victoria's Secret"" : ""2""}, {""Enterprise"" : ""1""}, {""eVgo"" : ""1""}, {""Express"" : ""1""}, {""Exxon"" : ""1""}, {""Toyota"" : ""1""}, {""Farmers Insurance"" : ""1""}, {""FedEx"" : ""1""}, {""Trader Joe's"" : ""1""}, {""Food 4 Less"" : ""1""}, {""Foot Locker"" : ""1""}, {""Ford"" : ""1""}, {""Forever 21"" : ""1""}, {""Francesca's"" : ""1""}, {""Zales"" : ""1""}, {""GNC"" : ""1""}, {""Golden 1 Credit Union"" : ""1""}, {""Gold's Gym"" : ""1""}, {""Goodwill"" : ""1""}, {""uBreakiFix"" : ""1""}, {""Grocery Outlet"" : ""1""}, {""Harbor Freight Tools"" : ""1""}, {""Harley-Davidson"" : ""1""}, {""Hollister"" : ""1""}, {""HomeGoods"" : ""1""}, {""Honda"" : ""1""}, {""Hot Topic"" : ""1""}, {""Ulta Beauty"" : ""1""}, {""Carter's"" : ""1""}, {""Jack's"" : ""1""}, {""Buick"" : ""1""}, {""Jeep"" : ""1""}, {""J.Jill"" : ""1""}, {""KFC"" : ""1""}, {""Kia"" : ""1""}, {""LensCrafters"" : ""1""}, {""American Legion"" : ""1""}, {""Boost Mobile"" : ""1""}, {""LoveSac"" : ""1""}, {""BMW"" : ""1""}, {""Lucky Brand"" : ""1""}, {""Lululemon"" : ""1""}, {""Lush"" : ""1""}, {""Macy's"" : ""1""}, {""United States Post Office"" : ""1""}, {""Massage Envy"" : ""1""}, {""Mattress Firm"" : ""1""}, {""Mazda"" : ""1""}, {""Blink"" : ""1""}, {""Menchie's"" : ""1""}, {""Men's Wearhouse"" : ""1""}, {""Blaze Pizza"" : ""1""}, {""MOD Pizza"" : ""1""}, {""Motel 6"" : ""1""}, {""BJ's"" : ""1""}, {""NAPA Auto Parts"" : ""1""}, {""Allstate"" : ""1""}, {""OfficeMax"" : ""1""}, {""Big 5 Sporting Goods"" : ""1""}, {""Bed Bath & Beyond"" : ""1""}, {""Pandora"" : ""1""}, {""Panera Bread"" : ""1""}, {""Payless ShoeSource"" : ""1""}, {""Pendleton"" : ""1""}, {""Petco"" : ""1""}, {""Vans"" : ""1""}, {""Pet Supplies Plus"" : ""1""}, {""Alila"" : ""1""}, {""Plato's Closet"" : ""1""}, {""Pretzelmaker"" : ""1""}, {""Quest Diagnostics"" : ""1""}, {""Quiznos"" : ""1""}, {""Zumiez"" : ""1""}, {""Redbox"" : ""1""}, {""Volkswagen"" : ""1""}, {""Bath & Body Works"" : ""1""}, {""Ross"" : ""1""}, {""Rotten Robbie"" : ""1""}, {""Bank of the West"" : ""1""}, {""Sally Beauty"" : ""1""}, {""Save Mart"" : ""1""}, {""Savers"" : ""1""}, {""See's Candies"" : ""1""}, {""Sephora"" : ""1""}, {""Banana Republic"" : ""1""}, {""Sleep Number"" : ""1""}, {""Smashburger"" : ""1""}, {""Soma"" : ""1""}, {""Walgreens"" : ""1""}, {""Sport Clips"" : ""1""}, {""Staples"" : ""1""}, {""Ashley HomeStore"" : ""1""}, {""State Farm"" : ""1""}, {""Apple Store"" : ""1""}, {""99 Cents Only Stores"" : ""1""}, {""Supercuts"" : ""1""}, {""ampm"" : ""1""}, {""Williams-Sonoma"" : ""1""}, {""Wingstop"" : ""1""}, {""The Habit Burger Grill"" : ""1""}, {""The Home Depot"" : ""1""}, {""Check 'n Go"" : ""1""}, {""Check Into Cash"" : ""1""}, {""Chico's"" : ""1""}, {""Chili's"" : ""1""}, {""Champs Sports"" : ""1""}, {""Chuck E. Cheese's"" : ""1""}, {""Church's Chicken"" : ""1""}, {""The Salvation Army"" : ""1""}, {""claire's"" : ""1""}, {""Coinstar"" : ""1""}, {""Cold Stone Creamery"" : ""1""}, {""Amoco"" : ""1""}, {""Comerica Bank"" : ""1""}, {""Century Theatres"" : ""1""}, {""Cartier"" : ""1""}, {""Denny's"" : ""1""}, {""Dodge"" : ""1""}, {""Tiffany & Company"" : ""1""}, {""Dollar Tree"" : ""1""}, {""Xfinity"" : ""1""}, {""DSW"" : ""1""}, {""Econo Lodge"" : ""1""}, {""El Pollo Loco"" : ""1""}]"
3	Merced County	California	17.9	281,726	286,461	524	4,735	57	"{""age_10_14"": ""{county:8.9|state:6.6|us:6.5}"", ""edu_9_less"": ""{county:17.9|state:8.9|us:4.9}"", ""race_asian"": ""{county:7.6|state:14.8|us:5.6}"", ""unemployed"": ""{county:6.4|state:3.9|us:3.4}"", ""age_under18"": ""{county:29.5|state:22.8|us:22.4}"", ""race_hispanic"": ""{county:60.2|state:39.1|us:18.2}"", ""rent_1000_1499"": ""{county:38.3|state:26.7|us:30.2}"", ""occupied_renter"": ""{county:47.8|state:44.7|us:35.6}"", ""ancestry_portuguese"": ""{county:5.4|state:0.8|us:0.4}"", ""value_200000_299999"": ""{county:34.1|state:9.9|us:20.0}"", ""value_300000_499999"": ""{county:28.9|state:26.0|us:20.5}""}"	"[{""Starbucks"" : ""5""}, {""Chase"" : ""5""}, {""McDonald's"" : ""4""}, {""Subway"" : ""4""}, {""CVS Pharmacy"" : ""3""}, {""GameStop"" : ""2""}, {""Dollar General"" : ""2""}, {""KFC"" : ""2""}, {""A&W"" : ""2""}, {""Chevron"" : ""2""}, {""Shell"" : ""2""}, {""JCPenney"" : ""2""}, {""Long John Silver's"" : ""1""}, {""Love's"" : ""1""}, {""Panera Bread"" : ""1""}, {""Popeyes"" : ""1""}, {""Redbox"" : ""1""}, {""Sears"" : ""1""}, {""Supercuts"" : ""1""}, {""Tesla Supercharger"" : ""1""}, {""Valero"" : ""1""}, {""Verizon"" : ""1""}, {""76"" : ""1""}, {""Walgreens"" : ""1""}, {""ampm"" : ""1""}, {""Arco"" : ""1""}, {""Baskin-Robbins"" : ""1""}, {""Big 5 Sporting Goods"" : ""1""}, {""Burger King"" : ""1""}, {""Carl's Jr."" : ""1""}, {""Chipotle"" : ""1""}, {""Circle K"" : ""1""}, {""Coinstar"" : ""1""}, {""Domino's"" : ""1""}, {""Kohl's"" : ""1""}]"
4	Cameron County	Texas	17.5	421,191	423,029	174	1,838	183	"{""age_5_9"": ""{county:8.2|state:7.0|us:6.1}"", ""edu_9_12"": ""{county:14.0|state:7.8|us:6.6}"", ""age_10_14"": ""{county:8.8|state:7.4|us:6.5}"", ""edu_9_less"": ""{county:17.5|state:7.8|us:4.9}"", ""race_mixed"": ""{county:9.7|state:7.0|us:5.2}"", ""age_5_under"": ""{county:8.1|state:7.0|us:6.0}"", ""age_under18"": ""{county:30.4|state:25.8|us:22.4}"", ""job_service"": ""{county:27.1|state:16.9|us:17.4}"", ""race_hispanic"": ""{county:89.8|state:39.4|us:18.2}"", ""in_education_health"": ""{county:32.0|state:21.8|us:23.3}""}"	"[{""Subway"" : ""7""}, {""H-E-B Pharmacy"" : ""5""}, {""H&R Block"" : ""4""}, {""Wingstop"" : ""3""}, {""T-Mobile"" : ""3""}, {""USAA"" : ""3""}, {""H-E-B"" : ""3""}, {""Dollar Tree"" : ""2""}, {""Office Depot"" : ""2""}, {""Chick-fil-A"" : ""2""}, {""Ulta Beauty"" : ""2""}, {""Rent-A-Center"" : ""2""}, {""Ross"" : ""2""}, {""Dero"" : ""2""}, {""Walgreens"" : ""2""}, {""Big Lots"" : ""2""}, {""GameStop"" : ""2""}, {""Family Dollar"" : ""2""}, {""Sprint"" : ""2""}, {""Dairy Queen"" : ""2""}, {""Marshalls"" : ""2""}, {""PetSmart"" : ""2""}, {""Pizza Hut"" : ""2""}, {""Harbor Freight Tools"" : ""1""}, {""Hibbett Sports"" : ""1""}, {""Hilton Garden Inn"" : ""1""}, {""Hobby Lobby"" : ""1""}, {""Holiday Inn Express & Suites"" : ""1""}, {""JCPenney"" : ""1""}, {""KFC"" : ""1""}, {""Kirkland's"" : ""1""}, {""Kohl's"" : ""1""}, {""La Michoacana Meat Market"" : ""1""}, {""Leslie's Pool Supplies"" : ""1""}, {""Little Caesars"" : ""1""}, {""Mattress Firm"" : ""1""}, {""McDonald's"" : ""1""}, {""Metro by T-Mobile"" : ""1""}, {""Michaels"" : ""1""}, {""Motel 6"" : ""1""}, {""nissan"" : ""1""}, {""Nothing Bundt Cakes"" : ""1""}, {""Old Navy"" : ""1""}, {""O'Reilly Auto Parts"" : ""1""}, {""Panda Express"" : ""1""}, {""Pep Boys"" : ""1""}, {""Planet Fitness"" : ""1""}, {""Rack Room Shoes"" : ""1""}, {""Ramada"" : ""1""}, {""RE/MAX"" : ""1""}, {""Sally Beauty"" : ""1""}, {""Sears"" : ""1""}, {""Security Service Federal Credit Union"" : ""1""}, {""Sherwin-Williams"" : ""1""}, {""Shoe Carnival"" : ""1""}, {""Sport Clips"" : ""1""}, {""Starbucks"" : ""1""}, {""Stripes"" : ""1""}, {""The Children's Place"" : ""1""}, {""The Vitamin Shoppe"" : ""1""}, {""TJ Maxx"" : ""1""}, {""99 Cents Only Stores"" : ""1""}, {""Tuesday Morning"" : ""1""}, {""U-Haul"" : ""1""}, {""United States Post Office"" : ""1""}, {""Valero"" : ""1""}, {""Verizon"" : ""1""}, {""Wells Fargo"" : ""1""}, {""Wendy's"" : ""1""}, {""Tropical Smoothie Cafe"" : ""1""}, {""AutoZone"" : ""1""}, {""Bealls"" : ""1""}, {""Bed Bath & Beyond"" : ""1""}, {""BurgerFi"" : ""1""}, {""Burlington"" : ""1""}, {""Carter's"" : ""1""}, {""Cash Store"" : ""1""}, {""Church's Chicken"" : ""1""}, {""Cici's Pizza"" : ""1""}, {""Courtyard"" : ""1""}, {""Cricket Wireless"" : ""1""}, {""CVS Pharmacy"" : ""1""}, {""dd's Discounts"" : ""1""}, {""Dillard's"" : ""1""}, {""Dollar General"" : ""1""}, {""Domino's"" : ""1""}, {""Domino's Pizza"" : ""1""}, {""Dunkin'"" : ""1""}, {""Five Below"" : ""1""}, {""Freddy's"" : ""1""}, {""Gold's Gym"" : ""1""}, {""Goodwill"" : ""1""}]"
5	Webb County	Texas	17.3	267,234	267,945	120	711	31	"{""age_5_9"": ""{county:8.6|state:7.0|us:6.1}"", ""edu_9_12"": ""{county:14.5|state:7.8|us:6.6}"", ""age_10_14"": ""{county:9.5|state:7.4|us:6.5}"", ""age_15_19"": ""{county:8.9|state:7.1|us:6.5}"", ""job_sales"": ""{county:26.5|state:22.0|us:21.3}"", ""edu_9_less"": ""{county:17.3|state:7.8|us:4.9}"", ""race_mixed"": ""{county:14.6|state:7.0|us:5.2}"", ""age_5_under"": ""{county:9.3|state:7.0|us:6.0}"", ""age_under18"": ""{county:32.9|state:25.8|us:22.4}"", ""race_hispanic"": ""{county:95.5|state:39.4|us:18.2}"", ""built_2000_2009"": ""{county:24.6|state:18.7|us:13.6}"", ""in_transportation"": ""{county:14.9|state:6.0|us:5.5}""}"	"[{""H-E-B"" : ""7""}, {""Starbucks"" : ""5""}, {""H-E-B Pharmacy"" : ""5""}, {""Subway"" : ""4""}, {""Dollar Tree"" : ""3""}, {""Chick-fil-A"" : ""3""}, {""AT&T"" : ""3""}, {""Ross"" : ""3""}, {""Academy Sports + Outdoors"" : ""2""}, {""T-Mobile"" : ""2""}, {""Cricket Wireless"" : ""2""}, {""dd's Discounts"" : ""2""}, {""Valero"" : ""2""}, {""Denny's"" : ""2""}, {""Smoothie King"" : ""2""}, {""Old Navy"" : ""2""}, {""Macy's"" : ""2""}, {""Steve Madden"" : ""2""}, {""Ashley HomeStore"" : ""2""}, {""GameStop"" : ""2""}, {""Petco"" : ""2""}, {""Peter Piper Pizza"" : ""2""}, {""Commerce Bank"" : ""2""}, {""Crocs"" : ""1""}, {""Dero"" : ""1""}, {""Dillard's"" : ""1""}, {""Domino's"" : ""1""}, {""Dunkin'"" : ""1""}, {""Embassy Suites"" : ""1""}, {""Extended Stay America"" : ""1""}, {""Family Dollar"" : ""1""}, {""Five Below"" : ""1""}, {""Five Guys"" : ""1""}, {""Forever 21"" : ""1""}, {""Gap"" : ""1""}, {""Goodyear"" : ""1""}, {""Grease Monkey"" : ""1""}, {""Great American Cookies"" : ""1""}, {""Great Clips"" : ""1""}, {""Guess"" : ""1""}, {""Guitar Center"" : ""1""}, {""H&M"" : ""1""}, {""Hobby Lobby"" : ""1""}, {""HomeGoods"" : ""1""}, {""Hungry Howie's"" : ""1""}, {""Hyundai"" : ""1""}, {""Jack in the Box"" : ""1""}, {""James Avery Jewelry"" : ""1""}, {""JCPenney"" : ""1""}, {""Jimmy John's"" : ""1""}, {""Kay Jewelers"" : ""1""}, {""KFC"" : ""1""}, {""Levi's"" : ""1""}, {""Little Caesars"" : ""1""}, {""Marble Slab Creamery"" : ""1""}, {""Marshalls"" : ""1""}, {""Mattress Firm"" : ""1""}, {""McDonald's"" : ""1""}, {""Michael Kors"" : ""1""}, {""Michaels"" : ""1""}, {""Murphy USA"" : ""1""}, {""My EyeLab"" : ""1""}, {""Nautica"" : ""1""}, {""Nike"" : ""1""}, {""Nothing Bundt Cakes"" : ""1""}, {""Office Depot"" : ""1""}, {""Panda Express"" : ""1""}, {""Party City"" : ""1""}, {""Perry Ellis"" : ""1""}, {""Pizza Hut"" : ""1""}, {""PNC Bank"" : ""1""}, {""Popeyes"" : ""1""}, {""Puma"" : ""1""}, {""Rack Room Shoes"" : ""1""}, {""Rent-A-Center"" : ""1""}, {""Sally Beauty"" : ""1""}, {""Shell"" : ""1""}, {""Shoe Carnival"" : ""1""}, {""Skechers"" : ""1""}, {""Sleep Number"" : ""1""}, {""Spec's"" : ""1""}, {""Stripes"" : ""1""}, {""Sunglass Hut"" : ""1""}, {""Taco Bell"" : ""1""}, {""Texas Roadhouse"" : ""1""}, {""The Children's Place"" : ""1""}, {""The Home Depot"" : ""1""}, {""TJ Maxx"" : ""1""}, {""Tommy Hilfiger"" : ""1""}, {""Ulta Beauty"" : ""1""}, {""Under Armour"" : ""1""}, {""Vans"" : ""1""}, {""Vera Bradley"" : ""1""}, {""Walgreens"" : ""1""}, {""Wayback Burgers"" : ""1""}, {""Wendy's"" : ""1""}, {""7-Eleven"" : ""1""}, {""Wingstop"" : ""1""}, {""Aldo"" : ""1""}, {""America's Best Contacts & Eyeglasses"" : ""1""}, {""Anytime Fitness"" : ""1""}, {""At Home"" : ""1""}, {""Auntie Anne's"" : ""1""}, {""Bank of America"" : ""1""}, {""Bath & Body Works"" : ""1""}, {""Big Lots"" : ""1""}, {""Boost Mobile"" : ""1""}, {""Brooks Brothers"" : ""1""}, {""Burger King"" : ""1""}, {""Calvin Klein"" : ""1""}, {""Carter's"" : ""1""}, {""Charleys Philly Steaks"" : ""1""}, {""Chase"" : ""1""}, {""Chipotle"" : ""1""}, {""Church's Chicken"" : ""1""}, {""Cicis"" : ""1""}, {""Cinnabon"" : ""1""}, {""Coach"" : ""1""}, {""Columbia"" : ""1""}, {""Converse"" : ""1""}]"
6	Tulare County	California	17.2	473,736	477,054	619	3,318	38	"{""age_5_9"": ""{county:8.8|state:6.2|us:6.1}"", ""age_10_14"": ""{county:8.9|state:6.6|us:6.5}"", ""edu_9_less"": ""{county:17.2|state:8.9|us:4.9}"", ""unemployed"": ""{county:6.0|state:3.9|us:3.4}"", ""age_5_under"": ""{county:8.0|state:6.1|us:6.0}"", ""age_under18"": ""{county:30.8|state:22.8|us:22.4}"", ""race_hispanic"": ""{county:65.1|state:39.1|us:18.2}"", ""occupied_renter"": ""{county:42.9|state:44.7|us:35.6}"", ""job_construction"": ""{county:19.4|state:8.8|us:8.7}"", ""ancestry_portuguese"": ""{county:2.3|state:0.8|us:0.4}"", ""value_200000_299999"": ""{county:31.1|state:9.9|us:20.0}""}"	"[{""Shell"" : ""11""}, {""Subway"" : ""6""}, {""Starbucks"" : ""6""}, {""Speedway"" : ""6""}, {""McDonald's"" : ""4""}, {""Chevron"" : ""4""}, {""Burger King"" : ""3""}, {""Panda Express"" : ""3""}, {""Dollar Tree"" : ""3""}, {""Denny's"" : ""3""}, {""A&W"" : ""3""}, {""Carl's Jr."" : ""2""}, {""Mountain Mike's"" : ""2""}, {""AT&T"" : ""2""}, {""Supercuts"" : ""2""}, {""Sally Beauty"" : ""2""}, {""Lowe's"" : ""2""}, {""T-Mobile"" : ""2""}, {""Applebee's Neighborhood Grill & Bar"" : ""2""}, {""Valero"" : ""2""}, {""Verizon"" : ""2""}, {""Big 5 Sporting Goods"" : ""2""}, {""Kmart"" : ""1""}, {""Kohl's"" : ""1""}, {""Leslie's Pool Supplies"" : ""1""}, {""Les Schwab Tire Center"" : ""1""}, {""Little Caesars"" : ""1""}, {""Marie Callender's"" : ""1""}, {""Marshalls"" : ""1""}, {""Mattress Firm"" : ""1""}, {""Maurices"" : ""1""}, {""OfficeMax"" : ""1""}, {""O'Reilly Auto Parts"" : ""1""}, {""Panera Bread"" : ""1""}, {""PetSmart"" : ""1""}, {""Popeyes"" : ""1""}, {""Quiznos"" : ""1""}, {""Rally's"" : ""1""}, {""Rita's Italian Ice"" : ""1""}, {""Rite Aid"" : ""1""}, {""Round Table Pizza"" : ""1""}, {""rue21"" : ""1""}, {""Save Mart"" : ""1""}, {""Sportsman's Warehouse"" : ""1""}, {""State Farm"" : ""1""}, {""Taco Bell"" : ""1""}, {""Target"" : ""1""}, {""The Habit Burger Grill"" : ""1""}, {""The Home Depot"" : ""1""}, {""The UPS Store"" : ""1""}, {""Ulta Beauty"" : ""1""}, {""UPS"" : ""1""}, {""Wendy's"" : ""1""}, {""Western Dental"" : ""1""}, {""7-Eleven"" : ""1""}, {""Wingstop"" : ""1""}, {""AutoZone"" : ""1""}, {""Blaze Pizza"" : ""1""}, {""Check Into Cash"" : ""1""}, {""Chevrolet"" : ""1""}, {""Chipotle"" : ""1""}, {""Cold Stone Creamery"" : ""1""}, {""CVS Pharmacy"" : ""1""}, {""Dollar General"" : ""1""}, {""Don Roberto Jewelers"" : ""1""}, {""El Pollo Loco"" : ""1""}, {""Famous Footwear"" : ""1""}, {""Flyers"" : ""1""}, {""Food 4 Less"" : ""1""}, {""GameStop"" : ""1""}, {""GNC"" : ""1""}, {""Grocery Outlet"" : ""1""}, {""In-N-Out Burger"" : ""1""}, {""Jack in the Box"" : ""1""}, {""Jamba"" : ""1""}, {""Jimmy John's"" : ""1""}, {""KFC"" : ""1""}]"
7	Madera County	California	16.6	156,620	159,410	365	2,790	29	"{""edu_9_less"": ""{county:16.6|state:8.9|us:4.9}"", ""race_hispanic"": ""{county:58.3|state:39.1|us:18.2}"", ""rent_1000_1499"": ""{county:41.2|state:26.7|us:30.2}"", ""job_construction"": ""{county:22.2|state:8.8|us:8.7}"", ""ancestry_portuguese"": ""{county:1.7|state:0.8|us:0.4}"", ""value_200000_299999"": ""{county:35.6|state:9.9|us:20.0}"", ""value_300000_499999"": ""{county:30.3|state:26.0|us:20.5}""}"	"[{""Subway"" : ""5""}, {""Shell"" : ""4""}, {""Starbucks"" : ""3""}, {""Valero"" : ""3""}, {""Chevron"" : ""3""}, {""76"" : ""3""}, {""Jack in the Box"" : ""2""}, {""CVS Pharmacy"" : ""2""}, {""7-Eleven"" : ""2""}, {""McDonald's"" : ""2""}, {""Carl's Jr."" : ""2""}, {""H&R Block"" : ""1""}, {""NAPA Auto Parts"" : ""1""}, {""Pizza Factory"" : ""1""}, {""Redbox"" : ""1""}, {""Sinclair"" : ""1""}, {""The Home Depot"" : ""1""}, {""Togo's"" : ""1""}, {""United States Post Office"" : ""1""}, {""Wells Fargo"" : ""1""}, {""Wendy's"" : ""1""}, {""ampm"" : ""1""}, {""Bank of America"" : ""1""}, {""Big 5 Sporting Goods"" : ""1""}, {""Burger King"" : ""1""}, {""Carquest"" : ""1""}, {""Chase"" : ""1""}, {""Circle K"" : ""1""}, {""Denny's"" : ""1""}, {""Fastenal"" : ""1""}, {""Grocery Outlet"" : ""1""}]"
8	Imperial County	California	15.0	179,489	179,851	-213	362	17	"{""edu_9_12"": ""{county:14.8|state:7.2|us:6.6}"", ""units_3_4"": ""{county:6.8|state:5.4|us:4.3}"", ""units_5_9"": ""{county:7.7|state:5.9|us:4.6}"", ""edu_9_less"": ""{county:15.0|state:8.9|us:4.9}"", ""race_mixed"": ""{county:10.8|state:7.9|us:5.2}"", ""unemployed"": ""{county:7.0|state:3.9|us:3.4}"", ""age_5_under"": ""{county:8.0|state:6.1|us:6.0}"", ""age_under18"": ""{county:28.7|state:22.8|us:22.4}"", ""job_service"": ""{county:26.8|state:18.1|us:17.4}"", ""race_hispanic"": ""{county:84.7|state:39.1|us:18.2}"", ""value_200000_299999"": ""{county:33.2|state:9.9|us:20.0}""}"	"[{""Speedway"" : ""8""}, {""Subway"" : ""5""}, {""Jack in the Box"" : ""4""}, {""7-Eleven"" : ""4""}, {""Starbucks"" : ""3""}, {""Little Free Library"" : ""3""}, {""Arco"" : ""2""}, {""Bank of America"" : ""2""}, {""Dollar Tree"" : ""2""}, {""JCPenney"" : ""2""}, {""Little Caesars"" : ""2""}, {""Allstate"" : ""2""}, {""GameStop"" : ""2""}, {""McDonald's"" : ""2""}, {""Shell"" : ""2""}, {""Metro by T-Mobile"" : ""2""}, {""Food 4 Less"" : ""2""}, {""Boost Mobile"" : ""2""}, {""Imagine Schools"" : ""1""}, {""Lowe's"" : ""1""}, {""Macy's"" : ""1""}, {""O'Reilly Auto Parts"" : ""1""}, {""Papa John's"" : ""1""}, {""Petco"" : ""1""}, {""Pizza Hut"" : ""1""}, {""Pizza Pizza"" : ""1""}, {""Planet Fitness"" : ""1""}, {""Quality Inn"" : ""1""}, {""Rally's"" : ""1""}, {""Redbox"" : ""1""}, {""Rite Aid"" : ""1""}, {""Rodeway Inn"" : ""1""}, {""Sears"" : ""1""}, {""Sherwin-Williams"" : ""1""}, {""Skechers"" : ""1""}, {""Sprint"" : ""1""}, {""Taco Bell"" : ""1""}, {""Target"" : ""1""}, {""T-Mobile"" : ""1""}, {""U-Haul"" : ""1""}, {""Ulta Beauty"" : ""1""}, {""United States Postal Service"" : ""1""}, {""USA Gasoline"" : ""1""}, {""Walgreens"" : ""1""}, {""Western Union"" : ""1""}, {""Ashley HomeStore"" : ""1""}, {""AT&T"" : ""1""}, {""Bed Bath & Beyond"" : ""1""}, {""BevMo!"" : ""1""}, {""Carl's Jr."" : ""1""}, {""Chevron"" : ""1""}, {""Circle K"" : ""1""}, {""Cold Stone Creamery"" : ""1""}, {""Cricket Wireless"" : ""1""}, {""CVS Pharmacy"" : ""1""}, {""dd's Discounts"" : ""1""}, {""Dillard's"" : ""1""}, {""Dollar General"" : ""1""}, {""Domino's"" : ""1""}, {""Electrify America"" : ""1""}, {""Fred Loya Insurance"" : ""1""}, {""Harbor Freight Tools"" : ""1""}]"
9	Yakima County	Washington	14.9	256,533	256,035	-195	-498	23	"{""age_5_9"": ""{county:8.3|state:6.2|us:6.1}"", ""age_10_14"": ""{county:8.6|state:6.1|us:6.5}"", ""edu_9_less"": ""{county:14.9|state:3.5|us:4.9}"", ""age_5_under"": ""{county:8.0|state:6.1|us:6.0}"", ""age_under18"": ""{county:29.7|state:22.0|us:22.4}"", ""race_hispanic"": ""{county:49.9|state:12.9|us:18.2}"", ""job_construction"": ""{county:20.2|state:9.4|us:8.7}""}"	"[{""Conoco"" : ""9""}, {""Subway"" : ""8""}, {""Starbucks"" : ""6""}, {""O'Reilly Auto Parts"" : ""6""}, {""Arco"" : ""5""}, {""Chevron"" : ""5""}, {""Ace Hardware"" : ""4""}, {""Taco Bell"" : ""4""}, {""McDonald's"" : ""4""}, {""Dollar Tree"" : ""4""}, {""KFC"" : ""4""}, {""Shell"" : ""4""}, {""Sherwin-Williams"" : ""3""}, {""KeyBank"" : ""3""}, {""Papa Murphy's"" : ""3""}, {""U.S. Bank"" : ""3""}, {""U.S. Cellular"" : ""3""}, {""Sally Beauty"" : ""3""}, {""Bank of America"" : ""3""}, {""Rite Aid"" : ""3""}, {""ampm"" : ""3""}, {""Pizza Hut"" : ""3""}, {""Boost Mobile"" : ""3""}, {""DQ Grill & Chill"" : ""2""}, {""76"" : ""2""}, {""Dutch Bros. Coffee"" : ""2""}, {""Banner Bank"" : ""2""}, {""Exxon"" : ""2""}, {""Coinstar"" : ""2""}, {""Redbox"" : ""2""}, {""Safeway"" : ""2""}, {""AutoZone"" : ""2""}, {""A&W"" : ""2""}, {""Supercuts"" : ""2""}, {""Texaco"" : ""2""}, {""Les Schwab Tire Center"" : ""2""}, {""Goodwill"" : ""2""}, {""Chase"" : ""2""}, {""7-Eleven"" : ""2""}, {""Metro by T-Mobile"" : ""2""}, {""MOD Pizza"" : ""2""}, {""United States Post Office"" : ""2""}, {""Moneytree"" : ""2""}, {""Verizon"" : ""2""}, {""Walgreens"" : ""2""}, {""Domino's"" : ""2""}, {""Wells Fargo"" : ""2""}, {""Hilton Garden Inn"" : ""1""}, {""Hobby Lobby"" : ""1""}, {""Holiday Inn"" : ""1""}, {""Holiday Inn Express"" : ""1""}, {""Holiday Inn Express & Suites"" : ""1""}, {""Home2 Suites"" : ""1""}, {""Honda"" : ""1""}, {""H&R Block"" : ""1""}, {""IGA"" : ""1""}, {""Jack in the Box"" : ""1""}, {""JCPenney"" : ""1""}, {""JOANN Fabrics and Crafts"" : ""1""}, {""KinderCare"" : ""1""}, {""Kohl's"" : ""1""}, {""Krispy Kreme"" : ""1""}, {""Little Caesars"" : ""1""}, {""Macy's"" : ""1""}, {""Mazda"" : ""1""}, {""Michaels"" : ""1""}, {""NAPA Auto Parts"" : ""1""}, {""Nissan"" : ""1""}, {""Office Depot"" : ""1""}, {""Old Navy"" : ""1""}, {""Panda Express"" : ""1""}, {""Panera Bread"" : ""1""}, {""Penske Truck Rental"" : ""1""}, {""Petco"" : ""1""}, {""Red Robin"" : ""1""}, {""Rent-A-Center"" : ""1""}, {""Rodeway Inn"" : ""1""}, {""Ross"" : ""1""}, {""rue21"" : ""1""}, {""Sears"" : ""1""}, {""Smitty's"" : ""1""}, {""State Farm"" : ""1""}, {""Target"" : ""1""}, {""The Habit Burger Grill"" : ""1""}, {""The UPS Store"" : ""1""}, {""TJ Maxx"" : ""1""}, {""True Value"" : ""1""}, {""U-Haul"" : ""1""}, {""Ulta Beauty"" : ""1""}, {""Umpqua Bank"" : ""1""}, {""Union 76"" : ""1""}, {""Valvoline"" : ""1""}, {""Walmart"" : ""1""}, {""YMCA"" : ""1""}, {""Aaron's"" : ""1""}, {""Advance Auto Parts"" : ""1""}, {""Anytime Fitness"" : ""1""}, {""Arby's"" : ""1""}, {""At Home"" : ""1""}, {""AT&T"" : ""1""}, {""Bank of the West"" : ""1""}, {""Batteries Plus Bulbs"" : ""1""}, {""Bed Bath & Beyond"" : ""1""}, {""Best Buy"" : ""1""}, {""Best Western"" : ""1""}, {""Best Western Plus"" : ""1""}, {""Big Lots"" : ""1""}, {""Bi-Mart"" : ""1""}, {""Bob's"" : ""1""}, {""Boot Barn"" : ""1""}, {""Burger King"" : ""1""}, {""Burlington"" : ""1""}, {""Carl's Jr."" : ""1""}, {""Carter's"" : ""1""}, {""Cenex"" : ""1""}, {""Chevrolet"" : ""1""}, {""Chipotle"" : ""1""}, {""Columbia Bank"" : ""1""}, {""Comfort Suites"" : ""1""}, {""Costco Gasoline"" : ""1""}, {""Cricket Wireless"" : ""1""}, {""Dairy Queen"" : ""1""}, {""Days Inn"" : ""1""}, {""Denny's"" : ""1""}, {""Dick's Sporting Goods"" : ""1""}, {""Discount Tire"" : ""1""}, {""Econo Lodge"" : ""1""}, {""Edward Jones"" : ""1""}, {""Fairfield Inn"" : ""1""}, {""Famous Footwear"" : ""1""}, {""Farmers Insurance"" : ""1""}, {""Fastenal"" : ""1""}, {""Five Guys"" : ""1""}, {""Fred Meyer"" : ""1""}, {""GameStop"" : ""1""}, {""GMC"" : ""1""}, {""GNC"" : ""1""}, {""Great Clips"" : ""1""}, {""Hair Cuttery"" : ""1""}, {""Harbor Freight Tools"" : ""1""}]"
10	Whitfield County	Georgia	14.3	102,727	102,848	-137	121	137	"{""edu_9_12"": ""{county:14.3|state:7.7|us:6.6}"", ""edu_9_less"": ""{county:14.3|state:4.5|us:4.9}"", ""ancestry_english"": ""{county:20.0|state:7.8|us:7.7}"", ""in_manufacturing"": ""{county:38.2|state:10.5|us:10.0}"", ""job_prod_transpo"": ""{county:33.5|state:14.7|us:13.1}""}"	"[{""Walmart"" : ""3""}, {""BP"" : ""3""}, {""Waffle House"" : ""2""}, {""Walgreens"" : ""2""}, {""Mapco"" : ""2""}, {""McDonald's"" : ""2""}, {""Arby's"" : ""2""}, {""Circle K"" : ""2""}, {""Subway"" : ""2""}, {""Dunkin' Donuts"" : ""1""}, {""Fairfield Inn & Suites"" : ""1""}, {""Family Dollar"" : ""1""}, {""Hobby Lobby"" : ""1""}, {""Little Caesars"" : ""1""}, {""Metro by T-Mobile"" : ""1""}, {""Office Depot"" : ""1""}, {""Pilot"" : ""1""}, {""Redbox"" : ""1""}, {""Roses"" : ""1""}, {""Shell"" : ""1""}, {""Starbucks"" : ""1""}, {""Taco Bell"" : ""1""}, {""Wells Fargo"" : ""1""}, {""Wendy's"" : ""1""}, {""Advance Auto Parts"" : ""1""}, {""Western Sizzlin'"" : ""1""}, {""American Legion"" : ""1""}, {""Bank of America"" : ""1""}, {""BB&T"" : ""1""}, {""Captain D's"" : ""1""}, {""Checkers"" : ""1""}, {""Coinstar"" : ""1""}, {""CVS Pharmacy"" : ""1""}, {""Dollar General"" : ""1""}]"
