rank	name	state	age_65_74	popestimate2020	popestimate2021	npopchg2020	npopchg2021	pop_sqkm	zscore_1_65	brand
1	Sumter County	Florida	33.4	130,897	135,638	1,145	4,741	94	"{""age_65_74"": ""{county:33.4|state:11.3|us:9.4}"", ""age_75_84"": ""{county:19.3|state:6.5|us:4.7}"", ""in_retail"": ""{county:16.9|state:12.5|us:11.0}"", ""job_sales"": ""{county:25.5|state:24.3|us:21.3}"", ""age_median"": ""{county:68.0|state:42.2|us:38.2}"", ""age_16_over"": ""{county:93.6|state:82.4|us:80.1}"", ""age_18_over"": ""{county:92.7|state:80.1|us:77.6}"", ""age_21_over"": ""{county:91.3|state:76.6|us:73.5}"", ""age_62_over"": ""{county:63.6|state:24.3|us:19.6}"", ""age_65_over"": ""{county:57.8|state:20.5|us:16.0}"", ""age_85_over"": ""{county:5.1|state:2.7|us:2.0}"", ""grapi_35_more"": ""{county:56.1|state:46.8|us:40.0}"", ""occupied_owner"": ""{county:88.6|state:66.2|us:64.4}"", ""rent_3000_more"": ""{county:10.6|state:1.7|us:2.8}"", ""built_2000_2009"": ""{county:40.9|state:18.7|us:13.6}"", ""built_2010_2013"": ""{county:14.9|state:2.7|us:2.7}"", ""ancestry_italian"": ""{county:8.3|state:5.8|us:5.1}"", ""built_2014_later"": ""{county:10.3|state:4.4|us:3.5}"", ""ancestry_ukranian"": ""{county:0.7|state:0.3|us:0.3}"", ""units_boat_rv_van"": ""{county:0.7|state:0.2|us:0.1}"", ""value_200000_299999"": ""{county:36.0|state:24.8|us:20.0}"", ""value_300000_499999"": ""{county:28.7|state:22.2|us:20.5}""}"	"[{""Subway"" : ""3""}, {""Hardee's"" : ""2""}, {""Wendy's"" : ""2""}, {""Publix"" : ""2""}, {""Dollar General"" : ""1""}, {""Dollar Tree"" : ""1""}, {""Dunkin'"" : ""1""}, {""Family Dollar"" : ""1""}, {""Five Guys"" : ""1""}, {""Hungry Howie's"" : ""1""}, {""Kangaroo Express"" : ""1""}, {""KFC"" : ""1""}, {""Little Caesars"" : ""1""}, {""Marathon"" : ""1""}, {""Mobil"" : ""1""}, {""Pizza Hut"" : ""1""}, {""Steak 'n Shake"" : ""1""}, {""Sunoco"" : ""1""}, {""Verizon"" : ""1""}, {""Walmart"" : ""1""}, {""Advance America"" : ""1""}, {""Winn-Dixie"" : ""1""}, {""ALDI"" : ""1""}, {""Cricket Wireless"" : ""1""}, {""CVS Pharmacy"" : ""1""}]"
2	Charlotte County	Florida	21.3	187,960	194,843	1,113	6,883	110	"{""rooms_3"": ""{county:15.5|state:10.0|us:9.0}"", ""age_65_74"": ""{county:21.3|state:11.3|us:9.4}"", ""age_75_84"": ""{county:13.5|state:6.5|us:4.7}"", ""job_sales"": ""{county:26.7|state:24.3|us:21.3}"", ""age_median"": ""{county:59.5|state:42.2|us:38.2}"", ""age_16_over"": ""{county:89.4|state:82.4|us:80.1}"", ""age_18_over"": ""{county:88.0|state:80.1|us:77.6}"", ""age_21_over"": ""{county:85.7|state:76.6|us:73.5}"", ""age_62_over"": ""{county:45.4|state:24.3|us:19.6}"", ""age_65_over"": ""{county:40.1|state:20.5|us:16.0}"", ""age_85_over"": ""{county:5.3|state:2.7|us:2.0}"", ""built_1980_1989"": ""{county:27.8|state:20.0|us:13.4}"", ""ancestry_italian"": ""{county:8.2|state:5.8|us:5.1}"", ""ancestry_hungarian"": ""{county:1.0|state:0.5|us:0.4}"", ""ancestry_west_indian"": ""{county:2.7|state:4.4|us:0.9}""}"	"[{""Publix"" : ""7""}, {""RaceTrac"" : ""5""}, {""T-Mobile"" : ""4""}, {""Shell"" : ""4""}, {""Speedway"" : ""4""}, {""Wawa"" : ""4""}, {""The Home Depot"" : ""3""}, {""Burger King"" : ""3""}, {""Mobil"" : ""3""}, {""Bank of America"" : ""3""}, {""Subway"" : ""3""}, {""McDonald's"" : ""3""}, {""Arby's"" : ""3""}, {""Walmart"" : ""3""}, {""Wendy's"" : ""3""}, {""Marathon"" : ""3""}, {""Pizza Hut"" : ""2""}, {""Papa John's"" : ""2""}, {""Advance Auto Parts"" : ""2""}, {""GNC"" : ""2""}, {""Circle K"" : ""2""}, {""Dero"" : ""2""}, {""Verizon"" : ""2""}, {""Domino's"" : ""2""}, {""Waffle House"" : ""2""}, {""Walgreens"" : ""2""}, {""Chase"" : ""2""}, {""Regions Bank"" : ""2""}, {""Starbucks"" : ""2""}, {""Aspen Dental"" : ""2""}, {""Dairy Queen"" : ""2""}, {""IHOP"" : ""2""}, {""Five Guys"" : ""2""}, {""Great Clips"" : ""1""}, {""Hallmark"" : ""1""}, {""Harbor Freight Tools"" : ""1""}, {""Havertys"" : ""1""}, {""HomeGoods"" : ""1""}, {""Hooters"" : ""1""}, {""H&R Block"" : ""1""}, {""Hungry Howie's"" : ""1""}, {""Jet's Pizza"" : ""1""}, {""Kangaroo Express"" : ""1""}, {""Kohl's"" : ""1""}, {""Little Free Library"" : ""1""}, {""LongHorn Steakhouse"" : ""1""}, {""Marshalls"" : ""1""}, {""Metro by T-Mobile"" : ""1""}, {""Michaels"" : ""1""}, {""Moe's Southwest Grill"" : ""1""}, {""Murphy"" : ""1""}, {""Murphy USA"" : ""1""}, {""Office Depot"" : ""1""}, {""Outback Steakhouse"" : ""1""}, {""Panera Bread"" : ""1""}, {""Petco"" : ""1""}, {""PetSmart"" : ""1""}, {""Pet Supermarket"" : ""1""}, {""Pet Supplies Plus"" : ""1""}, {""Planet Fitness"" : ""1""}, {""Popeyes"" : ""1""}, {""Quest Diagnostics"" : ""1""}, {""Redbox"" : ""1""}, {""RE/MAX"" : ""1""}, {""Ross"" : ""1""}, {""Sam's Club"" : ""1""}, {""Skechers"" : ""1""}, {""Staples"" : ""1""}, {""Sunoco"" : ""1""}, {""Taco Bell"" : ""1""}, {""TGI Friday's"" : ""1""}, {""The UPS Store"" : ""1""}, {""Tractor Supply Company"" : ""1""}, {""Tropical Smoothie Cafe"" : ""1""}, {""VA"" : ""1""}, {""Visionworks"" : ""1""}, {""Wells Fargo"" : ""1""}, {""Winn-Dixie"" : ""1""}, {""YMCA"" : ""1""}, {""7-Eleven"" : ""1""}, {""Zaxby's"" : ""1""}, {""Aaron's"" : ""1""}, {""Ace Hardware"" : ""1""}, {""Anytime Fitness"" : ""1""}, {""Applebee's Neighborhood Grill & Bar"" : ""1""}, {""AT&T"" : ""1""}, {""Auntie Anne's"" : ""1""}, {""AutoZone"" : ""1""}, {""Banfield Pet Hospital"" : ""1""}, {""BB&T"" : ""1""}, {""Bed Bath & Beyond"" : ""1""}, {""Best Buy"" : ""1""}, {""BonWorth"" : ""1""}, {""Books-A-Million"" : ""1""}, {""Burlington"" : ""1""}, {""Carrabba's Italian Grill"" : ""1""}, {""Checkers"" : ""1""}, {""Chili's"" : ""1""}, {""Coinstar"" : ""1""}, {""Coldwell Banker"" : ""1""}, {""Cracker Barrel"" : ""1""}, {""Culver's"" : ""1""}, {""CVS Pharmacy"" : ""1""}, {""Denny's"" : ""1""}, {""Dunkin'"" : ""1""}, {""Dunkin' Donuts"" : ""1""}, {""Edward Jones"" : ""1""}, {""Enterprise"" : ""1""}, {""Extended Stay America"" : ""1""}, {""Firehouse Subs"" : ""1""}, {""Firestone"" : ""1""}, {""Golden Corral"" : ""1""}, {""Goodwill"" : ""1""}]"
3	Brunswick County	North Carolina	21.2	138,084	144,215	1,391	6,131	66	"{""rooms_3"": ""{county:12.2|state:7.2|us:9.0}"", ""age_60_64"": ""{county:9.7|state:6.3|us:6.2}"", ""age_65_74"": ""{county:21.2|state:9.7|us:9.4}"", ""age_median"": ""{county:54.7|state:38.9|us:38.2}"", ""age_16_over"": ""{county:86.6|state:80.4|us:80.1}"", ""age_18_over"": ""{county:84.7|state:77.8|us:77.6}"", ""age_21_over"": ""{county:82.4|state:73.6|us:73.5}"", ""age_62_over"": ""{county:37.8|state:19.9|us:19.6}"", ""age_65_over"": ""{county:31.5|state:16.3|us:16.0}"", ""built_2000_2009"": ""{county:30.5|state:18.8|us:13.6}"", ""built_2010_2013"": ""{county:6.5|state:4.0|us:2.7}"", ""built_2014_later"": ""{county:7.7|state:4.8|us:3.5}"", ""ancestry_scottish_irish"": ""{county:2.7|state:2.3|us:0.9}""}"	"[{""McDonald's"" : ""3""}, {""NAPA Auto Parts"" : ""3""}, {""Subway"" : ""3""}, {""Food Lion"" : ""3""}, {""Cato"" : ""2""}, {""Ace Hardware"" : ""2""}, {""Hardee's"" : ""2""}, {""Bojangles'"" : ""2""}, {""Truist"" : ""2""}, {""Comfort Suites"" : ""1""}, {""Dollar General"" : ""1""}, {""Dollar General Market"" : ""1""}, {""Dollar Tree"" : ""1""}, {""Firehouse Subs"" : ""1""}, {""Harris Teeter"" : ""1""}, {""KFC"" : ""1""}, {""Papa John's"" : ""1""}, {""Piggly Wiggly"" : ""1""}, {""Pizza Hut"" : ""1""}, {""PNC Bank"" : ""1""}, {""RE/MAX"" : ""1""}, {""Starbucks"" : ""1""}, {""Sunoco"" : ""1""}, {""Taco Bell"" : ""1""}, {""Tropical Smoothie Cafe"" : ""1""}, {""United States Post Office"" : ""1""}, {""Waffle House"" : ""1""}, {""Walgreens"" : ""1""}, {""Walmart"" : ""1""}, {""Wells Fargo"" : ""1""}, {""Advance Auto Parts"" : ""1""}, {""Applebee's Neighborhood Grill & Bar"" : ""1""}, {""Arby's"" : ""1""}, {""AT&T"" : ""1""}, {""Bank of America"" : ""1""}, {""ChargePoint"" : ""1""}, {""Chili's"" : ""1""}, {""Citgo"" : ""1""}]"
4	Citrus County	Florida	19.6	154,403	158,083	560	3,680	105	"{""rooms_6"": ""{county:26.8|state:18.1|us:17.8}"", ""in_other"": ""{county:7.5|state:5.3|us:4.8}"", ""age_65_74"": ""{county:19.6|state:11.3|us:9.4}"", ""age_75_84"": ""{county:12.1|state:6.5|us:4.7}"", ""in_retail"": ""{county:15.9|state:12.5|us:11.0}"", ""age_median"": ""{county:56.7|state:42.2|us:38.2}"", ""age_16_over"": ""{county:87.0|state:82.4|us:80.1}"", ""age_18_over"": ""{county:85.3|state:80.1|us:77.6}"", ""age_21_over"": ""{county:83.2|state:76.6|us:73.5}"", ""age_62_over"": ""{county:41.6|state:24.3|us:19.6}"", ""age_65_over"": ""{county:36.4|state:20.5|us:16.0}"", ""age_85_over"": ""{county:4.7|state:2.7|us:2.0}"", ""built_1980_1989"": ""{county:27.4|state:20.0|us:13.4}"", ""ancestry_italian"": ""{county:8.3|state:5.8|us:5.1}""}"	"[{""Circle K"" : ""3""}, {""Speedway"" : ""2""}, {""Pizza Hut"" : ""2""}, {""Walgreens"" : ""2""}, {""Publix"" : ""2""}, {""Wendy's"" : ""2""}, {""Dollar General"" : ""2""}, {""Dunkin'"" : ""2""}, {""Citgo"" : ""2""}, {""McDonald's"" : ""1""}, {""Panera Bread"" : ""1""}, {""Redbox"" : ""1""}, {""Regions Bank"" : ""1""}, {""Sears"" : ""1""}, {""Shell"" : ""1""}, {""Subway"" : ""1""}, {""Sunoco"" : ""1""}, {""The UPS Store"" : ""1""}, {""TJ Maxx"" : ""1""}, {""Tractor Supply Company"" : ""1""}, {""United States Post Office"" : ""1""}, {""VA"" : ""1""}, {""Verizon"" : ""1""}, {""Walmart"" : ""1""}, {""Wawa"" : ""1""}, {""Winn-Dixie"" : ""1""}, {""Advance Auto Parts"" : ""1""}, {""YMCA"" : ""1""}, {""Anytime Fitness"" : ""1""}, {""AutoZone"" : ""1""}, {""Bealls"" : ""1""}, {""Boys & Girls Club"" : ""1""}, {""Denny's"" : ""1""}, {""Dollar Tree"" : ""1""}, {""Hardee's"" : ""1""}, {""Kangaroo Express"" : ""1""}]"
5	Yavapai County	Arizona	18.9	237,067	242,253	858	5,186	12	"{""age_60_64"": ""{county:9.7|state:6.0|us:6.2}"", ""age_65_74"": ""{county:18.9|state:10.2|us:9.4}"", ""age_75_84"": ""{county:9.4|state:5.5|us:4.7}"", ""age_median"": ""{county:54.1|state:37.9|us:38.2}"", ""age_62_over"": ""{county:37.6|state:21.1|us:19.6}"", ""age_65_over"": ""{county:31.6|state:17.6|us:16.0}"", ""built_2000_2009"": ""{county:24.7|state:23.4|us:13.6}"", ""units_boat_rv_van"": ""{county:1.1|state:0.4|us:0.1}"", ""value_300000_499999"": ""{county:28.7|state:24.2|us:20.5}"", ""edu_college_nodegree"": ""{county:29.8|state:24.9|us:20.3}""}"	"[{""Maverik"" : ""5""}, {""Subway"" : ""5""}, {""Starbucks"" : ""4""}, {""Walgreens"" : ""3""}, {""Speedway"" : ""3""}, {""Safeway"" : ""3""}, {""Tesla Supercharger"" : ""2""}, {""Chipotle"" : ""2""}, {""JCPenney"" : ""2""}, {""Little Caesars"" : ""2""}, {""McDonald's"" : ""2""}, {""OfficeMax"" : ""2""}, {""Pizza Hut"" : ""2""}, {""Redbox"" : ""2""}, {""Ross"" : ""2""}, {""Sprouts Farmers Market"" : ""2""}, {""Staples"" : ""2""}, {""The Home Depot"" : ""2""}, {""Tractor Supply Company"" : ""2""}, {""Dillard's"" : ""1""}, {""Dollar Tree"" : ""1""}, {""Domino's"" : ""1""}, {""Dunkin'"" : ""1""}, {""Dutch Bros. Coffee"" : ""1""}, {""Einstein Bros. Bagels"" : ""1""}, {""Family Dollar"" : ""1""}, {""Five Guys"" : ""1""}, {""Food City"" : ""1""}, {""Fry's Food and Drug"" : ""1""}, {""GameStop"" : ""1""}, {""Great Clips"" : ""1""}, {""Harkins Theatres"" : ""1""}, {""Hobby Lobby"" : ""1""}, {""Jack in the Box"" : ""1""}, {""Americas Best Value Inn"" : ""1""}, {""Jo-Ann"" : ""1""}, {""KFC"" : ""1""}, {""Texaco"" : ""1""}, {""Little Free Library"" : ""1""}, {""Maurices"" : ""1""}, {""Black Bear Diner"" : ""1""}, {""wikipedia=en:Great Clips"" : ""1""}, {""Motel 6"" : ""1""}, {""Nissan"" : ""1""}, {""The UPS Store"" : ""1""}, {""Panda Express"" : ""1""}, {""Panera Bread"" : ""1""}, {""Papa Murphy's"" : ""1""}, {""Petco"" : ""1""}, {""PetSmart"" : ""1""}, {""TJ Maxx"" : ""1""}, {""Wilson's Gas Plus"" : ""1""}, {""Trader Joe's"" : ""1""}, {""Baskin-Robbins"" : ""1""}, {""Sally Beauty"" : ""1""}, {""Sears"" : ""1""}, {""Shell"" : ""1""}, {""Snap Fitness"" : ""1""}, {""Sonic"" : ""1""}, {""Bashas'"" : ""1""}, {""Sport Clips"" : ""1""}, {""Sportsman's Warehouse"" : ""1""}, {""Springboard Hospitality"" : ""1""}, {""Anytime Fitness"" : ""1""}, {""Western Union"" : ""1""}, {""Bank of America"" : ""1""}, {""Arby's"" : ""1""}, {""Super 8"" : ""1""}, {""Boost Mobile"" : ""1""}, {""Burger King"" : ""1""}, {""Carl's Jr."" : ""1""}, {""Chick-fil-A"" : ""1""}, {""Target"" : ""1""}, {""Circle K"" : ""1""}, {""Conoco"" : ""1""}, {""Costco Gasoline"" : ""1""}, {""Cracker Barrel"" : ""1""}, {""CVS Pharmacy"" : ""1""}, {""Dairy Queen"" : ""1""}, {""Dick's Sporting Goods"" : ""1""}]"
6	Sarasota County	Florida	18.5	435,664	447,057	1,658	11,393	310	"{""rooms_4"": ""{county:26.2|state:20.8|us:16.1}"", ""age_65_74"": ""{county:18.5|state:11.3|us:9.4}"", ""age_75_84"": ""{county:12.7|state:6.5|us:4.7}"", ""age_median"": ""{county:56.6|state:42.2|us:38.2}"", ""age_16_over"": ""{county:87.6|state:82.4|us:80.1}"", ""age_18_over"": ""{county:85.8|state:80.1|us:77.6}"", ""age_21_over"": ""{county:83.4|state:76.6|us:73.5}"", ""age_62_over"": ""{county:41.6|state:24.3|us:19.6}"", ""age_65_over"": ""{county:36.7|state:20.5|us:16.0}"", ""age_85_over"": ""{county:5.5|state:2.7|us:2.0}"", ""rent_median"": ""{county:1342|state:1218|us:1096}"", ""units_20_more"": ""{county:11.7|state:13.8|us:9.4}"", ""rent_1000_1499"": ""{county:40.0|state:39.2|us:30.2}"", ""rent_1500_1999"": ""{county:22.4|state:19.6|us:14.9}"", ""rent_2000_2499"": ""{county:7.6|state:6.2|us:6.2}"", ""rent_3000_more"": ""{county:5.2|state:1.7|us:2.8}"", ""edu_grad_degree"": ""{county:15.7|state:11.3|us:12.7}"", ""in_professional"": ""{county:13.1|state:13.3|us:11.7}"", ""ancestry_italian"": ""{county:8.3|state:5.8|us:5.1}"", ""income_percapita"": ""{county:44402|state:32848|us:35384}"", ""ancestry_ukranian"": ""{county:0.7|state:0.3|us:0.3}"", ""ancestry_hungarian"": ""{county:0.9|state:0.5|us:0.4}""}"	"[{""Publix"" : ""19""}, {""Walgreens"" : ""13""}, {""Starbucks"" : ""9""}, {""7-Eleven"" : ""8""}, {""Shell"" : ""6""}, {""Subway"" : ""5""}, {""Dunkin'"" : ""5""}, {""Goodwill"" : ""5""}, {""SunTrust"" : ""5""}, {""USPS"" : ""4""}, {""Walmart"" : ""4""}, {""Big Lots"" : ""3""}, {""Petco"" : ""3""}, {""Pizza Hut"" : ""3""}, {""RaceTrac"" : ""3""}, {""Five Guys"" : ""3""}, {""CVS Pharmacy"" : ""3""}, {""Sunoco"" : ""3""}, {""Target"" : ""3""}, {""The UPS Store"" : ""3""}, {""Outback Steakhouse"" : ""2""}, {""Speedway"" : ""2""}, {""Chase"" : ""2""}, {""Hertz"" : ""2""}, {""Papa John's"" : ""2""}, {""Chevron"" : ""2""}, {""Chipotle"" : ""2""}, {""AutoZone"" : ""2""}, {""Best Buy"" : ""2""}, {""Burger King"" : ""2""}, {""United States Post Office"" : ""2""}, {""Dairy Queen"" : ""2""}, {""First Watch"" : ""2""}, {""Verizon"" : ""2""}, {""Boost Mobile"" : ""2""}, {""CVS"" : ""2""}, {""FedEx"" : ""2""}, {""Macy's"" : ""2""}, {""Bank of America"" : ""2""}, {""GameStop"" : ""1""}, {""Gap"" : ""1""}, {""Great Clips"" : ""1""}, {""HomeGoods"" : ""1""}, {""Hooters"" : ""1""}, {""H&R Block"" : ""1""}, {""Hungry Howie's"" : ""1""}, {""IHOP"" : ""1""}, {""JCPenney"" : ""1""}, {""Jet's Pizza"" : ""1""}, {""Jiffy Lube"" : ""1""}, {""Jimmy John's"" : ""1""}, {""Key Food"" : ""1""}, {""Kilwins"" : ""1""}, {""Krispy Krunchy Chicken"" : ""1""}, {""Little Caesars"" : ""1""}, {""LongHorn Steakhouse"" : ""1""}, {""Marathon"" : ""1""}, {""McDonald's"" : ""1""}, {""Menchie's"" : ""1""}, {""Mobil"" : ""1""}, {""Moe's Southwest Grill"" : ""1""}, {""Murphy USA"" : ""1""}, {""National"" : ""1""}, {""New Balance"" : ""1""}, {""Nothing Bundt Cakes"" : ""1""}, {""Old Navy"" : ""1""}, {""O'Reilly Auto Parts"" : ""1""}, {""Panera Bread"" : ""1""}, {""Pearle Vision"" : ""1""}, {""Pet Supplies Plus"" : ""1""}, {""Planet Fitness"" : ""1""}, {""Ross"" : ""1""}, {""Saks Fifth Avenue"" : ""1""}, {""Sonny's BBQ"" : ""1""}, {""Sprouts Farmers Market"" : ""1""}, {""Taco Bell"" : ""1""}, {""Tesla, Inc."" : ""1""}, {""Tesla Supercharger"" : ""1""}, {""The Home Depot"" : ""1""}, {""TJ Maxx"" : ""1""}, {""T-Mobile"" : ""1""}, {""Total Wine"" : ""1""}, {""Truist"" : ""1""}, {""Ulta Beauty"" : ""1""}, {""UPS"" : ""1""}, {""Victoria's Secret"" : ""1""}, {""Wendy's"" : ""1""}, {""Winn-Dixie"" : ""1""}, {""Advance Auto Parts"" : ""1""}, {""Alamo"" : ""1""}, {""ALDI"" : ""1""}, {""Aldi"" : ""1""}, {""American Legion"" : ""1""}, {""Anytime Fitness"" : ""1""}, {""Apple Store"" : ""1""}, {""Arby's"" : ""1""}, {""Bandit_Coffee;Kuma_Coffee"" : ""1""}, {""Barnes & Noble"" : ""1""}, {""Batteries Plus Bulbs"" : ""1""}, {""Bealls"" : ""1""}, {""Blaze Pizza"" : ""1""}, {""Bob Evans"" : ""1""}, {""Books-A-Million"" : ""1""}, {""BP"" : ""1""}, {""Budget"" : ""1""}, {""Buffalo Wild Wings"" : ""1""}, {""BurgerFi"" : ""1""}, {""Capital Bank"" : ""1""}, {""Cat + Cloud"" : ""1""}, {""ChargePoint"" : ""1""}, {""Circle K"" : ""1""}, {""Costco"" : ""1""}, {""CounterCulture Coffee"" : ""1""}, {""Crunch Fitness"" : ""1""}, {""Culver's"" : ""1""}, {""Denny's"" : ""1""}, {""Dick's Sporting Goods"" : ""1""}, {""Dillard's"" : ""1""}, {""Dollar General"" : ""1""}, {""Dollar Tree"" : ""1""}, {""Domino's"" : ""1""}, {""DSW"" : ""1""}, {""Dunkin' Donuts"" : ""1""}, {""Family Dollar"" : ""1""}, {""Firehouse Subs"" : ""1""}, {""Forever 21"" : ""1""}]"
7	Flagler County	Florida	17.7	115,968	120,932	590	4,964	96	"{""age_65_74"": ""{county:17.7|state:11.3|us:9.4}"", ""age_75_84"": ""{county:9.6|state:6.5|us:4.7}"", ""age_median"": ""{county:51.8|state:42.2|us:38.2}"", ""age_62_over"": ""{county:35.6|state:24.3|us:19.6}"", ""age_65_over"": ""{county:30.6|state:20.5|us:16.0}"", ""rent_median"": ""{county:1327|state:1218|us:1096}"", ""rent_1000_1499"": ""{county:49.6|state:39.2|us:30.2}"", ""rent_1500_1999"": ""{county:29.4|state:19.6|us:14.9}"", ""built_2000_2009"": ""{county:41.1|state:18.7|us:13.6}"", ""ancestry_italian"": ""{county:9.6|state:5.8|us:5.1}"", ""ancestry_russian"": ""{county:2.0|state:0.9|us:0.8}"", ""ancestry_portuguese"": ""{county:2.3|state:0.4|us:0.4}"", ""value_200000_299999"": ""{county:36.1|state:24.8|us:20.0}"", ""ancestry_west_indian"": ""{county:1.4|state:4.4|us:0.9}""}"	"[{""Subway"" : ""4""}, {""CVS Pharmacy"" : ""3""}, {""Dero"" : ""2""}, {""Firehouse Subs"" : ""2""}, {""Dollar General"" : ""2""}, {""Bealls"" : ""2""}, {""Domino's"" : ""2""}, {""Wawa"" : ""2""}, {""Planet Fitness"" : ""2""}, {""Pizza Hut"" : ""2""}, {""Dunkin'"" : ""2""}, {""Chase"" : ""1""}, {""Chevron"" : ""1""}, {""Citgo"" : ""1""}, {""Cricket Wireless"" : ""1""}, {""CubeSmart"" : ""1""}, {""Culver's"" : ""1""}, {""Dollar Tree"" : ""1""}, {""Famous Footwear"" : ""1""}, {""Fantastic Sams"" : ""1""}, {""Goodwill"" : ""1""}, {""Great Clips"" : ""1""}, {""Hair Cuttery"" : ""1""}, {""Harbor Freight Tools"" : ""1""}, {""Hungry Howie's"" : ""1""}, {""Mattress Firm"" : ""1""}, {""McDonald's"" : ""1""}, {""Metro by T-Mobile"" : ""1""}, {""Michaels"" : ""1""}, {""Mobil"" : ""1""}, {""Moe's Southwest Grill"" : ""1""}, {""Nathan's"" : ""1""}, {""Panda Express"" : ""1""}, {""Papa John's"" : ""1""}, {""Petco"" : ""1""}, {""PetSmart"" : ""1""}, {""Pet Supermarket"" : ""1""}, {""Publix"" : ""1""}, {""Quest Diagnostics"" : ""1""}, {""Quiznos"" : ""1""}, {""Ross"" : ""1""}, {""Sherwin-Williams"" : ""1""}, {""Smoothie King"" : ""1""}, {""Sprint"" : ""1""}, {""Staples"" : ""1""}, {""Starbucks"" : ""1""}, {""State Farm"" : ""1""}, {""The UPS Store"" : ""1""}, {""The Vitamin Shoppe"" : ""1""}, {""TJ Maxx"" : ""1""}, {""Tropical Smoothie Cafe"" : ""1""}, {""Tuesday Morning"" : ""1""}, {""Walgreens"" : ""1""}, {""Aaron's"" : ""1""}, {""Winn-Dixie"" : ""1""}, {""Ace Hardware"" : ""1""}, {""ALDI"" : ""1""}, {""Allpoint"" : ""1""}, {""Amoco"" : ""1""}, {""AT&T"" : ""1""}, {""AutoZone"" : ""1""}, {""Bath & Body Works"" : ""1""}, {""Boost Mobile"" : ""1""}, {""BP"" : ""1""}, {""Burger King"" : ""1""}]"
8	Mohave County	Arizona	17.4	214,070	217,692	803	3,622	6	"{""age_65_74"": ""{county:17.4|state:10.2|us:9.4}"", ""age_75_84"": ""{county:10.3|state:5.5|us:4.7}"", ""age_median"": ""{county:52.3|state:37.9|us:38.2}"", ""age_62_over"": ""{county:35.7|state:21.1|us:19.6}"", ""age_65_over"": ""{county:30.4|state:17.6|us:16.0}"", ""job_service"": ""{county:26.2|state:18.7|us:17.4}"", ""in_arts_food"": ""{county:17.8|state:10.4|us:9.4}"", ""built_1990_1999"": ""{county:24.0|state:20.0|us:13.9}"", ""built_2000_2009"": ""{county:29.2|state:23.4|us:13.6}"", ""edu_college_nodegree"": ""{county:29.6|state:24.9|us:20.3}""}"	"[{""Chevron"" : ""8""}, {""Shell"" : ""5""}, {""Subway"" : ""4""}, {""Mobil"" : ""3""}, {""Burger King"" : ""2""}, {""Tesla Supercharger"" : ""2""}, {""Texaco"" : ""2""}, {""Sam's Club"" : ""2""}, {""Circle K"" : ""2""}, {""Sonic"" : ""2""}, {""Sport Clips"" : ""2""}, {""Comfort Inn"" : ""2""}, {""76"" : ""2""}, {""Pilot"" : ""2""}, {""Taco Bell"" : ""2""}, {""Little Free Library"" : ""2""}, {""Iron Skillet"" : ""1""}, {""Little Caesars"" : ""1""}, {""McDonald's"" : ""1""}, {""Panda Express"" : ""1""}, {""Papa John's"" : ""1""}, {""Pizza Hut"" : ""1""}, {""Quality Inn & Suites"" : ""1""}, {""Red Robin"" : ""1""}, {""Rodeway Inn"" : ""1""}, {""Schlotzsky's"" : ""1""}, {""Staples"" : ""1""}, {""Starbucks"" : ""1""}, {""State Farm"" : ""1""}, {""Terrible's"" : ""1""}, {""Tesla, Inc."" : ""1""}, {""The Home Depot"" : ""1""}, {""The UPS Store"" : ""1""}, {""Truxton Station"" : ""1""}, {""Walgreens"" : ""1""}, {""Wells Fargo"" : ""1""}, {""Wendy's"" : ""1""}, {""Western Union"" : ""1""}, {""Anytime Fitness"" : ""1""}, {""AT&T"" : ""1""}, {""Bashas'"" : ""1""}, {""Big O Tires"" : ""1""}, {""Carl's Jr."" : ""1""}, {""Chase"" : ""1""}, {""Chevrolet"" : ""1""}, {""Chili's"" : ""1""}, {""Culver's"" : ""1""}, {""CVS Pharmacy"" : ""1""}, {""Del Taco"" : ""1""}, {""Flying J"" : ""1""}, {""Harbor Freight Tools"" : ""1""}, {""Hobby Lobby"" : ""1""}, {""Honda"" : ""1""}]"
8	Sussex County	Delaware	17.4	238,912	247,527	1,534	8,615	102	"{""age_65_74"": ""{county:17.4|state:11.3|us:9.4}"", ""age_62_over"": ""{county:33.1|state:23.0|us:19.6}"", ""age_65_over"": ""{county:27.9|state:18.8|us:16.0}"", ""rent_1000_1499"": ""{county:38.8|state:46.0|us:30.2}"", ""built_2000_2009"": ""{county:27.1|state:18.7|us:13.6}"", ""built_2010_2013"": ""{county:6.4|state:4.1|us:2.7}"", ""built_2014_later"": ""{county:9.5|state:5.4|us:3.5}"", ""units_1_attached"": ""{county:9.8|state:15.9|us:5.9}"", ""value_300000_499999"": ""{county:29.5|state:28.8|us:20.5}""}"	"[{""Subway"" : ""4""}, {""PNC Bank"" : ""4""}, {""Dero"" : ""4""}, {""Dollar Tree"" : ""4""}, {""Sherwin-Williams"" : ""4""}, {""Starbucks"" : ""4""}, {""State Farm"" : ""4""}, {""Food Lion"" : ""4""}, {""Dollar General"" : ""3""}, {""Grotto Pizza"" : ""3""}, {""Supercuts"" : ""3""}, {""AT&T"" : ""3""}, {""Mattress Firm"" : ""3""}, {""Verizon"" : ""3""}, {""Walgreens"" : ""3""}, {""ATI Physical Therapy"" : ""2""}, {""Little Free Library"" : ""2""}, {""Cato"" : ""2""}, {""Long & Foster Real Estate"" : ""2""}, {""Sunglass Hut"" : ""2""}, {""GNC"" : ""2""}, {""Rack Room Shoes"" : ""2""}, {""Advance Auto Parts"" : ""2""}, {""West Marine"" : ""2""}, {""Family Dollar"" : ""2""}, {""Michael Kors"" : ""2""}, {""H&R Block"" : ""2""}, {""Rita's Italian Ice"" : ""2""}, {""White House Black Market"" : ""2""}, {""Five Guys"" : ""2""}, {""LabCorp"" : ""2""}, {""Abercrombie & Fitch"" : ""2""}, {""Wawa"" : ""2""}, {""Weis"" : ""2""}, {""Papa John's"" : ""2""}, {""Talbots"" : ""2""}, {""Domino's"" : ""2""}, {""Texas Roadhouse"" : ""2""}, {""Harbor Freight Tools"" : ""1""}, {""Harris Teeter"" : ""1""}, {""Hollister"" : ""1""}, {""HomeGoods"" : ""1""}, {""Hot Topic"" : ""1""}, {""Hungry Howie's"" : ""1""}, {""Jersey Mike's Subs"" : ""1""}, {""Kate Spade New York"" : ""1""}, {""Kay Jewelers"" : ""1""}, {""Kilwins"" : ""1""}, {""Kirkland's"" : ""1""}, {""Kitchen Collection"" : ""1""}, {""Levi's"" : ""1""}, {""Little Caesars"" : ""1""}, {""Loft"" : ""1""}, {""Lucky Brand"" : ""1""}, {""Maidenform"" : ""1""}, {""Mattress Warehouse"" : ""1""}, {""Michaels"" : ""1""}, {""Movado"" : ""1""}, {""M&T Bank"" : ""1""}, {""NAPA Auto Parts"" : ""1""}, {""Nautica"" : ""1""}, {""New Balance"" : ""1""}, {""Nike Factory Store"" : ""1""}, {""Old Navy"" : ""1""}, {""Pandora"" : ""1""}, {""Petco"" : ""1""}, {""PetSmart"" : ""1""}, {""Pet Valu"" : ""1""}, {""Philly Pretzel Factory"" : ""1""}, {""Pizza Hut"" : ""1""}, {""Polo Ralph Lauren"" : ""1""}, {""Redbox"" : ""1""}, {""Redner's"" : ""1""}, {""RE/MAX"" : ""1""}, {""Rent-A-Center"" : ""1""}, {""Residence Inn"" : ""1""}, {""Rite Aid"" : ""1""}, {""Roses"" : ""1""}, {""Sally Beauty"" : ""1""}, {""SecureBike"" : ""1""}, {""Shoe Show"" : ""1""}, {""Skechers"" : ""1""}, {""Soma"" : ""1""}, {""Steve Madden"" : ""1""}, {""sweetFrog"" : ""1""}, {""Tesla Supercharger"" : ""1""}, {""The North Face"" : ""1""}, {""The UPS Store"" : ""1""}, {""Timberland"" : ""1""}, {""T-Mobile"" : ""1""}, {""Tommy Bahama"" : ""1""}, {""Tommy Hilfiger"" : ""1""}, {""Tory Burch"" : ""1""}, {""Tumi"" : ""1""}, {""U-Haul"" : ""1""}, {""Under Armour"" : ""1""}, {""United States Post Office"" : ""1""}, {""Valero"" : ""1""}, {""Vera Bradley"" : ""1""}, {""Victoria's Secret"" : ""1""}, {""Vineyard Vines"" : ""1""}, {""Western Union"" : ""1""}, {""Zales"" : ""1""}, {""Ace Hardware"" : ""1""}, {""Acme"" : ""1""}, {""Adidas"" : ""1""}, {""Advance America"" : ""1""}, {""American Eagle Outfitters"" : ""1""}, {""Ann Taylor"" : ""1""}, {""Anytime Fitness"" : ""1""}, {""ASICS"" : ""1""}, {""Auntie Anne's"" : ""1""}, {""Banana Republic"" : ""1""}, {""bareMinerals"" : ""1""}, {""Baskin-Robbins"" : ""1""}, {""Bath & Body Works"" : ""1""}, {""Berkshire Hathaway HomeServices"" : ""1""}, {""BP"" : ""1""}, {""Brooks Brothers"" : ""1""}, {""Buffalo Wild Wings"" : ""1""}, {""Calvin Klein"" : ""1""}, {""Carter's"" : ""1""}, {""Champion"" : ""1""}, {""ChargePoint"" : ""1""}, {""Chico's"" : ""1""}, {""China Wok"" : ""1""}, {""claire's"" : ""1""}, {""Coach"" : ""1""}, {""Coinstar"" : ""1""}, {""Cole Haan"" : ""1""}, {""Columbia"" : ""1""}, {""Cricket Wireless"" : ""1""}, {""Dunkin'"" : ""1""}, {""Dunkin' Donuts"" : ""1""}, {""DXL Men's Apparel"" : ""1""}, {""Edward Jones"" : ""1""}, {""GameStop"" : ""1""}, {""Gap"" : ""1""}, {""Goodwill"" : ""1""}, {""Hair Cuttery"" : ""1""}]"
9	Indian River County	Florida	17.3	160,345	163,662	557	3,317	126	"{""age_65_74"": ""{county:17.3|state:11.3|us:9.4}"", ""age_75_84"": ""{county:10.8|state:6.5|us:4.7}"", ""in_retail"": ""{county:15.4|state:12.5|us:11.0}"", ""age_median"": ""{county:54.0|state:42.2|us:38.2}"", ""age_16_over"": ""{county:86.0|state:82.4|us:80.1}"", ""age_18_over"": ""{county:84.0|state:80.1|us:77.6}"", ""age_21_over"": ""{county:81.4|state:76.6|us:73.5}"", ""age_62_over"": ""{county:37.7|state:24.3|us:19.6}"", ""age_65_over"": ""{county:32.9|state:20.5|us:16.0}"", ""age_85_over"": ""{county:4.7|state:2.7|us:2.0}"", ""units_10_19"": ""{county:8.1|state:5.6|us:4.3}"", ""built_1980_1989"": ""{county:24.1|state:20.0|us:13.4}"", ""built_2000_2009"": ""{county:25.4|state:18.7|us:13.6}"", ""in_professional"": ""{county:13.9|state:13.3|us:11.7}"", ""ancestry_italian"": ""{county:8.7|state:5.8|us:5.1}"", ""ancestry_west_indian"": ""{county:1.8|state:4.4|us:0.9}""}"	"[{""StoreRight Self Storage"" : ""2""}, {""Subway"" : ""2""}, {""CVS Pharmacy"" : ""2""}, {""Public Storage"" : ""2""}, {""Mattress Firm"" : ""2""}, {""AT&T"" : ""2""}, {""Starbucks"" : ""2""}, {""7-Eleven"" : ""2""}, {""Bed Bath & Beyond"" : ""1""}, {""Best Buy"" : ""1""}, {""BonWorth"" : ""1""}, {""Books-A-Million"" : ""1""}, {""Boost Mobile"" : ""1""}, {""Bose"" : ""1""}, {""Brooks Brothers"" : ""1""}, {""Calvin Klein"" : ""1""}, {""Carter's"" : ""1""}, {""Chick-fil-A"" : ""1""}, {""Chico's"" : ""1""}, {""Chipotle"" : ""1""}, {""Christopher & Banks"" : ""1""}, {""Claire's"" : ""1""}, {""Clarks"" : ""1""}, {""Coach"" : ""1""}, {""Coca-Cola"" : ""1""}, {""Columbia"" : ""1""}, {""Crocs"" : ""1""}, {""Dairy Queen"" : ""1""}, {""Dasani"" : ""1""}, {""Dunkin'"" : ""1""}, {""DXL Men's Apparel"" : ""1""}, {""Famous Footwear"" : ""1""}, {""Firehouse Subs"" : ""1""}, {""First Watch"" : ""1""}, {""GameStop"" : ""1""}, {""Gap"" : ""1""}, {""Great Clips"" : ""1""}, {""Gymboree"" : ""1""}, {""Hair Cuttery"" : ""1""}, {""HomeGoods"" : ""1""}, {""IZOD"" : ""1""}, {""J.Crew"" : ""1""}, {""Jersey Mike's Subs"" : ""1""}, {""Jockey"" : ""1""}, {""Justice"" : ""1""}, {""Kay Jewelers"" : ""1""}, {""Kitchen Collection"" : ""1""}, {""Lane Bryant"" : ""1""}, {""Levi's"" : ""1""}, {""Lids"" : ""1""}, {""Loft"" : ""1""}, {""Marshalls"" : ""1""}, {""Massage Envy"" : ""1""}, {""Metro by T-Mobile"" : ""1""}, {""Michaels"" : ""1""}, {""Mobil"" : ""1""}, {""Nike"" : ""1""}, {""Pepsi"" : ""1""}, {""Perfumania"" : ""1""}, {""Play It Again Sports"" : ""1""}, {""Polo Ralph Lauren"" : ""1""}, {""Reebok"" : ""1""}, {""Restoration Hardware"" : ""1""}, {""Ross"" : ""1""}, {""Sally Beauty"" : ""1""}, {""Samsonite"" : ""1""}, {""Shoe Carnival"" : ""1""}, {""Sunglass Hut"" : ""1""}, {""TGI Friday's"" : ""1""}, {""The Children's Place"" : ""1""}, {""The UPS Store"" : ""1""}, {""The Vitamin Shoppe"" : ""1""}, {""Tommy Hilfiger"" : ""1""}, {""United States Postal Service"" : ""1""}, {""Van Heusen"" : ""1""}, {""Verizon"" : ""1""}, {""Walgreens"" : ""1""}, {""Wells Fargo"" : ""1""}, {""White House Black Market"" : ""1""}, {""Williams-Sonoma"" : ""1""}, {""Adidas"" : ""1""}, {""Advance Auto Parts"" : ""1""}, {""Ann Taylor"" : ""1""}, {""Aspen Dental"" : ""1""}, {""Banana Republic"" : ""1""}, {""Batteries Plus Bulbs"" : ""1""}, {""Bealls"" : ""1""}]"
9	Barnstable County	Massachusetts	17.3	228,969	232,411	-27	3,442	228	"{""age_65_74"": ""{county:17.3|state:9.5|us:9.4}"", ""age_75_84"": ""{county:8.8|state:4.6|us:4.7}"", ""age_median"": ""{county:53.7|state:39.6|us:38.2}"", ""age_16_over"": ""{county:87.0|state:82.6|us:80.1}"", ""age_18_over"": ""{county:85.0|state:80.2|us:77.6}"", ""age_21_over"": ""{county:82.3|state:75.7|us:73.5}"", ""age_62_over"": ""{county:36.1|state:20.4|us:19.6}"", ""age_65_over"": ""{county:30.5|state:16.5|us:16.0}"", ""age_85_over"": ""{county:4.4|state:2.4|us:2.0}"", ""income_mean"": ""{county:104697|state:115964|us:91547}"", ""rent_median"": ""{county:1362|state:1336|us:1096}"", ""value_median"": ""{county:414000|state:398800|us:229800}"", ""earnings_male"": ""{county:65647|state:71096|us:54323}"", ""ancestry_greek"": ""{county:0.8|state:1.1|us:0.4}"", ""ancestry_irish"": ""{county:26.7|state:19.7|us:9.7}"", ""housing_vacant"": ""{county:41.6|state:9.1|us:11.6}"", ""rent_1500_1999"": ""{county:27.8|state:20.2|us:14.9}"", ""rent_2000_2499"": ""{county:7.5|state:11.4|us:6.2}"", ""earnings_female"": ""{county:53228|state:57737|us:44220}"", ""edu_grad_degree"": ""{county:20.1|state:20.0|us:12.7}"", ""in_professional"": ""{county:13.0|state:14.4|us:11.7}"", ""ancestry_italian"": ""{county:11.0|state:12.0|us:5.1}"", ""income_percapita"": ""{county:47315|state:45555|us:35384}"", ""ancestry_scottish"": ""{county:3.8|state:2.0|us:1.6}"", ""income_200000_more"": ""{county:10.7|state:14.3|us:8.3}"", ""ancestry_lithuanian"": ""{county:1.0|state:0.7|us:0.2}"", ""ancestry_portuguese"": ""{county:4.4|state:4.0|us:0.4}"", ""edu_bachelor_degree"": ""{county:24.9|state:24.5|us:20.2}"", ""edu_bachelor_higher"": ""{county:45.0|state:44.5|us:32.9}"", ""value_300000_499999"": ""{county:45.5|state:35.6|us:20.5}"", ""value_500000_999999"": ""{county:27.6|state:27.8|us:12.3}"", ""ancestry_west_indian"": ""{county:1.6|state:2.0|us:0.9}"", ""income_150000_199999"": ""{county:9.2|state:10.6|us:7.1}"", ""ancestry_frenchcanadian"": ""{county:3.2|state:3.6|us:0.6}""}"	"[{""Speedway"" : ""22""}, {""Dunkin' Donuts"" : ""14""}, {""Tesla Supercharger"" : ""12""}, {""CVS Pharmacy"" : ""8""}, {""Cumberland Farms"" : ""6""}, {""ChargePoint"" : ""6""}, {""Dunkin'"" : ""5""}, {""Starbucks"" : ""4""}, {""Dero"" : ""4""}, {""Stop & Shop"" : ""3""}, {""7-Eleven"" : ""3""}, {""Citizens Bank"" : ""3""}, {""TJ Maxx"" : ""3""}, {""Verizon Wireless"" : ""2""}, {""Walmart"" : ""2""}, {""Ben & Jerry's"" : ""2""}, {""Planet Fitness"" : ""2""}, {""H&R Block"" : ""2""}, {""AutoZone"" : ""2""}, {""Marshalls"" : ""2""}, {""Shaw's"" : ""2""}, {""Michaels"" : ""2""}, {""Mobil"" : ""2""}, {""Ace Hardware"" : ""2""}, {""Staples"" : ""2""}, {""Subway"" : ""2""}, {""Tesla"" : ""2""}, {""Regal Cinemas"" : ""1""}, {""Rite Aid"" : ""1""}, {""Roche Bros."" : ""1""}, {""Sears"" : ""1""}, {""Shell"" : ""1""}, {""Sherwin-Williams"" : ""1""}, {""Sports Authority"" : ""1""}, {""The Blended Berry"" : ""1""}, {""T-Mobile"" : ""1""}, {""Walgreens"" : ""1""}, {""Sunoco"" : ""1""}, {""AT&T"" : ""1""}, {""Bank of America"" : ""1""}, {""Best Buy"" : ""1""}, {""Bike Fixation"" : ""1""}, {""Burger King"" : ""1""}, {""Century 21"" : ""1""}, {""Citgo"" : ""1""}, {""CVS"" : ""1""}, {""Dollar General"" : ""1""}, {""Dollar Tree"" : ""1""}, {""Domino's"" : ""1""}, {""eVgo"" : ""1""}, {""Fraternal Order of Eagles"" : ""1""}, {""Great Clips"" : ""1""}, {""Hampton"" : ""1""}, {""Hess"" : ""1""}, {""Kmart"" : ""1""}, {""Macy's"" : ""1""}, {""NAPA Auto Parts"" : ""1""}, {""Ocean State Job Lot"" : ""1""}, {""Old Navy"" : ""1""}, {""Panera Bread"" : ""1""}, {""Papa Gino's"" : ""1""}, {""PetSmart"" : ""1""}, {""Quest Diagnostics"" : ""1""}, {""RadioShack"" : ""1""}]"
10	Highlands County	Florida	17.0	101,222	103,296	-13	2,074	39	"{""rooms_4"": ""{county:24.8|state:20.8|us:16.1}"", ""age_65_74"": ""{county:17.0|state:11.3|us:9.4}"", ""age_75_84"": ""{county:13.7|state:6.5|us:4.7}"", ""in_retail"": ""{county:16.3|state:12.5|us:11.0}"", ""age_median"": ""{county:54.1|state:42.2|us:38.2}"", ""age_62_over"": ""{county:39.4|state:24.3|us:19.6}"", ""age_65_over"": ""{county:35.7|state:20.5|us:16.0}"", ""age_85_over"": ""{county:5.0|state:2.7|us:2.0}"", ""built_1980_1989"": ""{county:28.1|state:20.0|us:13.4}"", ""units_boat_rv_van"": ""{county:0.8|state:0.2|us:0.1}"", ""ancestry_west_indian"": ""{county:2.0|state:4.4|us:0.9}""}"	"[{""Marathon"" : ""6""}, {""Shell"" : ""5""}, {""Sunoco"" : ""3""}, {""Citgo"" : ""3""}, {""CVS Pharmacy"" : ""3""}, {""Walgreens"" : ""3""}, {""Subway"" : ""3""}, {""Winn-Dixie"" : ""2""}, {""Dunkin' Donuts"" : ""2""}, {""Bealls"" : ""2""}, {""Mobil"" : ""2""}, {""Ross"" : ""2""}, {""Arby's"" : ""2""}, {""Famous Footwear"" : ""1""}, {""Five Guys"" : ""1""}, {""Goodwill"" : ""1""}, {""JCPenney"" : ""1""}, {""Little Caesars"" : ""1""}, {""Marshalls"" : ""1""}, {""Michaels"" : ""1""}, {""Murphy Express"" : ""1""}, {""Murphy USA"" : ""1""}, {""Nissan"" : ""1""}, {""Panera Bread"" : ""1""}, {""Petco"" : ""1""}, {""Publix"" : ""1""}, {""Raceway"" : ""1""}, {""Ruby Tuesday"" : ""1""}, {""Sears"" : ""1""}, {""Starbucks"" : ""1""}, {""SunTrust"" : ""1""}, {""Ace Hardware"" : ""1""}, {""Tractor Supply Company"" : ""1""}, {""United States Post Office"" : ""1""}, {""Valero"" : ""1""}, {""Wendy's"" : ""1""}, {""Toyota"" : ""1""}, {""Advance Auto Parts"" : ""1""}, {""AutoZone"" : ""1""}, {""Bank of America"" : ""1""}, {""Belk"" : ""1""}, {""BP"" : ""1""}, {""Buick;Cadillac;Chevrolet;GMC"" : ""1""}, {""Burger King"" : ""1""}, {""Cricket Wireless"" : ""1""}, {""Dairy Queen"" : ""1""}, {""Denny's"" : ""1""}, {""Dollar Tree"" : ""1""}, {""Domino's Pizza"" : ""1""}]"
