rank	name	state	built_1980_1989	popestimate2020	popestimate2021	npopchg2020	npopchg2021	pop_sqkm	zscore_1_65	brand
1	Hernando County	Florida	30.2	195,508	200,638	993	5,130	164	"{""rooms_6"": ""{county:26.8|state:18.1|us:17.8}"", ""age_75_84"": ""{county:9.2|state:6.5|us:4.7}"", ""age_65_over"": ""{county:27.5|state:20.5|us:16.0}"", ""ancestry_greek"": ""{county:0.7|state:0.4|us:0.4}"", ""rent_1000_1499"": ""{county:39.3|state:39.2|us:30.2}"", ""built_1980_1989"": ""{county:30.2|state:20.0|us:13.4}"", ""built_2000_2009"": ""{county:25.7|state:18.7|us:13.6}"", ""ancestry_italian"": ""{county:12.5|state:5.8|us:5.1}"", ""ancestry_west_indian"": ""{county:1.4|state:4.4|us:0.9}""}"	"[{""Speedway"" : ""12""}, {""Walmart"" : ""3""}, {""SunTrust"" : ""3""}, {""CVS Pharmacy"" : ""3""}, {""McDonald's"" : ""3""}, {""Dunkin' Donuts"" : ""2""}, {""Hardee's"" : ""2""}, {""Shell"" : ""2""}, {""Hess"" : ""2""}, {""7-Eleven"" : ""2""}, {""Applebee's Neighborhood Grill & Bar"" : ""2""}, {""Advance Auto Parts"" : ""2""}, {""Publix"" : ""2""}, {""RaceTrac"" : ""2""}, {""Dickey's Barbecue Pit"" : ""1""}, {""Dick's Sporting Goods"" : ""1""}, {""Express Oil Change & Tire Engineers"" : ""1""}, {""GameStop"" : ""1""}, {""GNC"" : ""1""}, {""Goodwill"" : ""1""}, {""Hobby Lobby"" : ""1""}, {""Jiffy Lube"" : ""1""}, {""Lowe's"" : ""1""}, {""Mattress Firm"" : ""1""}, {""Mobil"" : ""1""}, {""Office Depot"" : ""1""}, {""Outback Steakhouse"" : ""1""}, {""Panera Bread"" : ""1""}, {""Perkins"" : ""1""}, {""Redbox"" : ""1""}, {""Red Lobster"" : ""1""}, {""Sears"" : ""1""}, {""Sonic"" : ""1""}, {""Starbucks"" : ""1""}, {""Steak 'n Shake"" : ""1""}, {""Subway"" : ""1""}, {""sweetFrog"" : ""1""}, {""Taco Bell"" : ""1""}, {""The Home Depot"" : ""1""}, {""Walgreens"" : ""1""}, {""Wawa"" : ""1""}, {""Wells Fargo"" : ""1""}, {""Wendy's"" : ""1""}, {""Winn-Dixie"" : ""1""}, {""American Freight"" : ""1""}, {""AT&T"" : ""1""}, {""Bank of America"" : ""1""}, {""Best Buy"" : ""1""}, {""Chevron"" : ""1""}, {""Chick-fil-A"" : ""1""}, {""Chili's"" : ""1""}, {""Cicis"" : ""1""}, {""Circle K"" : ""1""}, {""Citgo"" : ""1""}, {""Culver's"" : ""1""}, {""CVS"" : ""1""}, {""Denny's"" : ""1""}]"
2	Martin County	Florida	29.9	158,529	159,942	98	1,413	114	"{""rooms_4"": ""{county:25.5|state:20.8|us:16.1}"", ""age_75_84"": ""{county:11.2|state:6.5|us:4.7}"", ""units_5_9"": ""{county:7.2|state:4.9|us:4.6}"", ""age_median"": ""{county:52.7|state:42.2|us:38.2}"", ""age_21_over"": ""{county:80.9|state:76.6|us:73.5}"", ""age_62_over"": ""{county:36.1|state:24.3|us:19.6}"", ""age_65_over"": ""{county:31.2|state:20.5|us:16.0}"", ""age_85_over"": ""{county:4.6|state:2.7|us:2.0}"", ""units_10_19"": ""{county:8.5|state:5.6|us:4.3}"", ""in_information"": ""{county:2.8|state:1.7|us:2.0}"", ""rent_1000_1499"": ""{county:41.0|state:39.2|us:30.2}"", ""rent_3000_more"": ""{county:3.6|state:1.7|us:2.8}"", ""built_1980_1989"": ""{county:29.9|state:20.0|us:13.4}"", ""ancestry_italian"": ""{county:10.6|state:5.8|us:5.1}"", ""income_percapita"": ""{county:43758|state:32848|us:35384}"", ""value_300000_499999"": ""{county:29.7|state:22.2|us:20.5}""}"	"[{""Winn-Dixie"" : ""3""}, {""CVS Pharmacy"" : ""3""}, {""Starbucks"" : ""3""}, {""Publix"" : ""3""}, {""Walgreens"" : ""3""}, {""West Marine"" : ""2""}, {""Marathon"" : ""2""}, {""Hair Cuttery"" : ""2""}, {""Dunkin' Donuts"" : ""2""}, {""Bank of America"" : ""2""}, {""Chevron"" : ""1""}, {""Chipotle"" : ""1""}, {""Culver's"" : ""1""}, {""Cumberland Farms"" : ""1""}, {""Dairy Queen"" : ""1""}, {""Dollar General"" : ""1""}, {""Family Dollar"" : ""1""}, {""Five Guys"" : ""1""}, {""Goodwill"" : ""1""}, {""HomeGoods"" : ""1""}, {""H&R Block"" : ""1""}, {""Jimmy John's"" : ""1""}, {""LongHorn Steakhouse"" : ""1""}, {""Macy's"" : ""1""}, {""Marshalls"" : ""1""}, {""Mathnasium"" : ""1""}, {""McDonald's"" : ""1""}, {""MCU"" : ""1""}, {""Metro by T-Mobile"" : ""1""}, {""Michaels"" : ""1""}, {""Mobile"" : ""1""}, {""Office Depot"" : ""1""}, {""OfficeMax"" : ""1""}, {""Panera Bread"" : ""1""}, {""Petco"" : ""1""}, {""PetSmart"" : ""1""}, {""Quest Diagnostics"" : ""1""}, {""Racetrac"" : ""1""}, {""Ross"" : ""1""}, {""Shoe Carnival"" : ""1""}, {""Sports Authority"" : ""1""}, {""Subway"" : ""1""}, {""SunTrust"" : ""1""}, {""Supercuts"" : ""1""}, {""Texaco"" : ""1""}, {""7-Eleven"" : ""1""}, {""The UPS Store"" : ""1""}, {""Total Wine"" : ""1""}, {""Tropical Smoothie Cafe"" : ""1""}, {""Verizon"" : ""1""}, {""The Home Depot"" : ""1""}, {""Ace Hardware"" : ""1""}, {""Barnes & Noble"" : ""1""}, {""Baskin-Robbins"" : ""1""}, {""BB&T"" : ""1""}, {""Bealls"" : ""1""}, {""Best Buy"" : ""1""}, {""Big Lots"" : ""1""}, {""Bonefish Grill"" : ""1""}, {""Chase"" : ""1""}]"
3	Highlands County	Florida	28.1	101,222	103,296	-13	2,074	39	"{""rooms_4"": ""{county:24.8|state:20.8|us:16.1}"", ""age_65_74"": ""{county:17.0|state:11.3|us:9.4}"", ""age_75_84"": ""{county:13.7|state:6.5|us:4.7}"", ""in_retail"": ""{county:16.3|state:12.5|us:11.0}"", ""age_median"": ""{county:54.1|state:42.2|us:38.2}"", ""age_62_over"": ""{county:39.4|state:24.3|us:19.6}"", ""age_65_over"": ""{county:35.7|state:20.5|us:16.0}"", ""age_85_over"": ""{county:5.0|state:2.7|us:2.0}"", ""built_1980_1989"": ""{county:28.1|state:20.0|us:13.4}"", ""units_boat_rv_van"": ""{county:0.8|state:0.2|us:0.1}"", ""ancestry_west_indian"": ""{county:2.0|state:4.4|us:0.9}""}"	"[{""Marathon"" : ""6""}, {""Shell"" : ""5""}, {""Sunoco"" : ""3""}, {""Citgo"" : ""3""}, {""CVS Pharmacy"" : ""3""}, {""Walgreens"" : ""3""}, {""Subway"" : ""3""}, {""Winn-Dixie"" : ""2""}, {""Dunkin' Donuts"" : ""2""}, {""Bealls"" : ""2""}, {""Mobil"" : ""2""}, {""Ross"" : ""2""}, {""Arby's"" : ""2""}, {""Famous Footwear"" : ""1""}, {""Five Guys"" : ""1""}, {""Goodwill"" : ""1""}, {""JCPenney"" : ""1""}, {""Little Caesars"" : ""1""}, {""Marshalls"" : ""1""}, {""Michaels"" : ""1""}, {""Murphy Express"" : ""1""}, {""Murphy USA"" : ""1""}, {""Nissan"" : ""1""}, {""Panera Bread"" : ""1""}, {""Petco"" : ""1""}, {""Publix"" : ""1""}, {""Raceway"" : ""1""}, {""Ruby Tuesday"" : ""1""}, {""Sears"" : ""1""}, {""Starbucks"" : ""1""}, {""SunTrust"" : ""1""}, {""Ace Hardware"" : ""1""}, {""Tractor Supply Company"" : ""1""}, {""United States Post Office"" : ""1""}, {""Valero"" : ""1""}, {""Wendy's"" : ""1""}, {""Toyota"" : ""1""}, {""Advance Auto Parts"" : ""1""}, {""AutoZone"" : ""1""}, {""Bank of America"" : ""1""}, {""Belk"" : ""1""}, {""BP"" : ""1""}, {""Buick;Cadillac;Chevrolet;GMC"" : ""1""}, {""Burger King"" : ""1""}, {""Cricket Wireless"" : ""1""}, {""Dairy Queen"" : ""1""}, {""Denny's"" : ""1""}, {""Dollar Tree"" : ""1""}, {""Domino's Pizza"" : ""1""}]"
4	Charlotte County	Florida	27.8	187,960	194,843	1,113	6,883	110	"{""rooms_3"": ""{county:15.5|state:10.0|us:9.0}"", ""age_65_74"": ""{county:21.3|state:11.3|us:9.4}"", ""age_75_84"": ""{county:13.5|state:6.5|us:4.7}"", ""job_sales"": ""{county:26.7|state:24.3|us:21.3}"", ""age_median"": ""{county:59.5|state:42.2|us:38.2}"", ""age_16_over"": ""{county:89.4|state:82.4|us:80.1}"", ""age_18_over"": ""{county:88.0|state:80.1|us:77.6}"", ""age_21_over"": ""{county:85.7|state:76.6|us:73.5}"", ""age_62_over"": ""{county:45.4|state:24.3|us:19.6}"", ""age_65_over"": ""{county:40.1|state:20.5|us:16.0}"", ""age_85_over"": ""{county:5.3|state:2.7|us:2.0}"", ""built_1980_1989"": ""{county:27.8|state:20.0|us:13.4}"", ""ancestry_italian"": ""{county:8.2|state:5.8|us:5.1}"", ""ancestry_hungarian"": ""{county:1.0|state:0.5|us:0.4}"", ""ancestry_west_indian"": ""{county:2.7|state:4.4|us:0.9}""}"	"[{""Publix"" : ""7""}, {""RaceTrac"" : ""5""}, {""T-Mobile"" : ""4""}, {""Shell"" : ""4""}, {""Speedway"" : ""4""}, {""Wawa"" : ""4""}, {""The Home Depot"" : ""3""}, {""Burger King"" : ""3""}, {""Mobil"" : ""3""}, {""Bank of America"" : ""3""}, {""Subway"" : ""3""}, {""McDonald's"" : ""3""}, {""Arby's"" : ""3""}, {""Walmart"" : ""3""}, {""Wendy's"" : ""3""}, {""Marathon"" : ""3""}, {""Pizza Hut"" : ""2""}, {""Papa John's"" : ""2""}, {""Advance Auto Parts"" : ""2""}, {""GNC"" : ""2""}, {""Circle K"" : ""2""}, {""Dero"" : ""2""}, {""Verizon"" : ""2""}, {""Domino's"" : ""2""}, {""Waffle House"" : ""2""}, {""Walgreens"" : ""2""}, {""Chase"" : ""2""}, {""Regions Bank"" : ""2""}, {""Starbucks"" : ""2""}, {""Aspen Dental"" : ""2""}, {""Dairy Queen"" : ""2""}, {""IHOP"" : ""2""}, {""Five Guys"" : ""2""}, {""Great Clips"" : ""1""}, {""Hallmark"" : ""1""}, {""Harbor Freight Tools"" : ""1""}, {""Havertys"" : ""1""}, {""HomeGoods"" : ""1""}, {""Hooters"" : ""1""}, {""H&R Block"" : ""1""}, {""Hungry Howie's"" : ""1""}, {""Jet's Pizza"" : ""1""}, {""Kangaroo Express"" : ""1""}, {""Kohl's"" : ""1""}, {""Little Free Library"" : ""1""}, {""LongHorn Steakhouse"" : ""1""}, {""Marshalls"" : ""1""}, {""Metro by T-Mobile"" : ""1""}, {""Michaels"" : ""1""}, {""Moe's Southwest Grill"" : ""1""}, {""Murphy"" : ""1""}, {""Murphy USA"" : ""1""}, {""Office Depot"" : ""1""}, {""Outback Steakhouse"" : ""1""}, {""Panera Bread"" : ""1""}, {""Petco"" : ""1""}, {""PetSmart"" : ""1""}, {""Pet Supermarket"" : ""1""}, {""Pet Supplies Plus"" : ""1""}, {""Planet Fitness"" : ""1""}, {""Popeyes"" : ""1""}, {""Quest Diagnostics"" : ""1""}, {""Redbox"" : ""1""}, {""RE/MAX"" : ""1""}, {""Ross"" : ""1""}, {""Sam's Club"" : ""1""}, {""Skechers"" : ""1""}, {""Staples"" : ""1""}, {""Sunoco"" : ""1""}, {""Taco Bell"" : ""1""}, {""TGI Friday's"" : ""1""}, {""The UPS Store"" : ""1""}, {""Tractor Supply Company"" : ""1""}, {""Tropical Smoothie Cafe"" : ""1""}, {""VA"" : ""1""}, {""Visionworks"" : ""1""}, {""Wells Fargo"" : ""1""}, {""Winn-Dixie"" : ""1""}, {""YMCA"" : ""1""}, {""7-Eleven"" : ""1""}, {""Zaxby's"" : ""1""}, {""Aaron's"" : ""1""}, {""Ace Hardware"" : ""1""}, {""Anytime Fitness"" : ""1""}, {""Applebee's Neighborhood Grill & Bar"" : ""1""}, {""AT&T"" : ""1""}, {""Auntie Anne's"" : ""1""}, {""AutoZone"" : ""1""}, {""Banfield Pet Hospital"" : ""1""}, {""BB&T"" : ""1""}, {""Bed Bath & Beyond"" : ""1""}, {""Best Buy"" : ""1""}, {""BonWorth"" : ""1""}, {""Books-A-Million"" : ""1""}, {""Burlington"" : ""1""}, {""Carrabba's Italian Grill"" : ""1""}, {""Checkers"" : ""1""}, {""Chili's"" : ""1""}, {""Coinstar"" : ""1""}, {""Coldwell Banker"" : ""1""}, {""Cracker Barrel"" : ""1""}, {""Culver's"" : ""1""}, {""CVS Pharmacy"" : ""1""}, {""Denny's"" : ""1""}, {""Dunkin'"" : ""1""}, {""Dunkin' Donuts"" : ""1""}, {""Edward Jones"" : ""1""}, {""Enterprise"" : ""1""}, {""Extended Stay America"" : ""1""}, {""Firehouse Subs"" : ""1""}, {""Firestone"" : ""1""}, {""Golden Corral"" : ""1""}, {""Goodwill"" : ""1""}]"
5	Virginia Beach city	Virginia	27.5	459,373	457,672	-97	-1,701	722	"{""rooms_8"": ""{county:14.0|state:10.9|us:8.8}"", ""age_25_34"": ""{county:16.5|state:13.9|us:13.9}"", ""units_5_9"": ""{county:7.0|state:4.6|us:4.6}"", ""in_finance"": ""{county:8.3|state:6.3|us:6.6}"", ""race_asian"": ""{county:7.1|state:6.7|us:5.6}"", ""rent_median"": ""{county:1380|state:1257|us:1096}"", ""rent_1000_1499"": ""{county:46.7|state:30.1|us:30.2}"", ""rent_1500_1999"": ""{county:28.5|state:20.8|us:14.9}"", ""rent_2000_2499"": ""{county:6.9|state:9.2|us:6.2}"", ""built_1980_1989"": ""{county:27.5|state:16.3|us:13.4}"", ""in_professional"": ""{county:13.7|state:15.9|us:11.7}"", ""units_1_attached"": ""{county:19.6|state:11.1|us:5.9}"", ""value_200000_299999"": ""{county:34.0|state:21.6|us:20.0}"", ""value_300000_499999"": ""{county:31.5|state:25.4|us:20.5}""}"	"[{""Subway"" : ""13""}, {""Food Lion"" : ""9""}, {""Starbucks"" : ""9""}, {""Rite Aid"" : ""8""}, {""Supercuts"" : ""5""}, {""Dollar Tree"" : ""5""}, {""Harris Teeter"" : ""5""}, {""T-Mobile"" : ""5""}, {""Tropical Smoothie Cafe"" : ""5""}, {""Hair Cuttery"" : ""5""}, {""AT&T"" : ""5""}, {""Walgreens"" : ""5""}, {""GameStop"" : ""5""}, {""YMCA"" : ""5""}, {""CVS Pharmacy"" : ""4""}, {""sweetFrog"" : ""4""}, {""H&R Block"" : ""4""}, {""Navy Federal Credit Union"" : ""4""}, {""GNC"" : ""4""}, {""Great Clips"" : ""4""}, {""Sprint"" : ""4""}, {""Chipotle"" : ""4""}, {""Domino's"" : ""4""}, {""PetSmart"" : ""3""}, {""Sport Clips"" : ""3""}, {""Five Guys"" : ""3""}, {""Cold Stone Creamery"" : ""3""}, {""Allstate"" : ""3""}, {""Pearle Vision"" : ""3""}, {""Bath & Body Works"" : ""3""}, {""Five Below"" : ""3""}, {""Rack Room Shoes"" : ""3""}, {""The UPS Store"" : ""3""}, {""Verizon"" : ""3""}, {""Dero"" : ""3""}, {""Hallmark"" : ""3""}, {""Virginia ABC"" : ""3""}, {""FedEx Office"" : ""2""}, {""Petco"" : ""2""}, {""Jersey Mike's Subs"" : ""2""}, {""Pizza Hut"" : ""2""}, {""Firehouse Subs"" : ""2""}, {""Jimmy John's"" : ""2""}, {""7-Eleven"" : ""2""}, {""Kay Jewelers"" : ""2""}, {""Foot Locker"" : ""2""}, {""Kohl's"" : ""2""}, {""LensCrafters"" : ""2""}, {""Leslie's Pool Supplies"" : ""2""}, {""DSW"" : ""2""}, {""Loft"" : ""2""}, {""Dunkin'"" : ""2""}, {""Sally Beauty"" : ""2""}, {""Dunkin' Donuts"" : ""2""}, {""Shell"" : ""2""}, {""Mattress Firm"" : ""2""}, {""Ben & Jerry's"" : ""2""}, {""Goodwill"" : ""2""}, {""Speedway"" : ""2""}, {""State Farm"" : ""2""}, {""Michaels"" : ""2""}, {""Talbots"" : ""2""}, {""Mobil"" : ""2""}, {""NAPA Auto Parts"" : ""2""}, {""The Fresh Market"" : ""2""}, {""Barnes & Noble"" : ""2""}, {""The Vitamin Shoppe"" : ""2""}, {""TJ Maxx"" : ""2""}, {""ALDI"" : ""2""}, {""Office Depot"" : ""2""}, {""Tuesday Morning"" : ""2""}, {""OfficeMax"" : ""2""}, {""Old Navy"" : ""2""}, {""Ulta Beauty"" : ""2""}, {""Buffalo Wild Wings"" : ""2""}, {""Orangetheory Fitness"" : ""2""}, {""HomeGoods"" : ""2""}, {""Hot Topic"" : ""2""}, {""Panera Bread"" : ""2""}, {""Jackson Hewitt"" : ""2""}, {""Jiffy Lube"" : ""1""}, {""JOANN Fabrics and Crafts"" : ""1""}, {""JoS. A. Bank"" : ""1""}, {""Journeys"" : ""1""}, {""KFC"" : ""1""}, {""Kirkland's"" : ""1""}, {""LabCorp"" : ""1""}, {""Lids"" : ""1""}, {""Lululemon"" : ""1""}, {""Macy's"" : ""1""}, {""Marshalls"" : ""1""}, {""Massage Envy"" : ""1""}, {""Mathnasium"" : ""1""}, {""McDonald's"" : ""1""}, {""Men's Wearhouse"" : ""1""}, {""Merle Norman Cosmetics"" : ""1""}, {""Michael Kors"" : ""1""}, {""Moe's Southwest Grill"" : ""1""}, {""Nestlé Toll House Café"" : ""1""}, {""New Balance"" : ""1""}, {""Noodles & Company"" : ""1""}, {""Nordstrom Rack"" : ""1""}, {""Nothing Bundt Cakes"" : ""1""}, {""Ollie's Bargain Outlet"" : ""1""}, {""OneMain Financial"" : ""1""}, {""PacSun"" : ""1""}, {""Panda Express"" : ""1""}, {""Pandora"" : ""1""}, {""Papa John's"" : ""1""}, {""Papa Murphy's"" : ""1""}, {""Paper Source"" : ""1""}, {""Party City"" : ""1""}, {""Pet Valu"" : ""1""}, {""P.F. Chang's"" : ""1""}, {""Planet Fitness"" : ""1""}, {""Plato's Closet"" : ""1""}, {""Play It Again Sports"" : ""1""}, {""Pottery Barn"" : ""1""}, {""Pure Barre"" : ""1""}, {""Rainbow"" : ""1""}, {""Randstad"" : ""1""}, {""Red Wing"" : ""1""}, {""Regal Cinemas"" : ""1""}, {""RE/MAX"" : ""1""}, {""Rent-A-Center"" : ""1""}, {""Rita's Italian Ice"" : ""1""}, {""Roses"" : ""1""}, {""Ross"" : ""1""}, {""Ruth's Chris Steak House"" : ""1""}, {""Sarku Japan"" : ""1""}, {""Schlotzsky's"" : ""1""}, {""Sephora"" : ""1""}, {""Sherwin-Williams"" : ""1""}, {""Shoe Carnival"" : ""1""}, {""Shoe Show"" : ""1""}, {""Sleep Number"" : ""1""}, {""Spencer Gifts"" : ""1""}, {""Sunglass Hut"" : ""1""}, {""Sunoco"" : ""1""}, {""Target"" : ""1""}, {""TD Ameritrade"" : ""1""}, {""The Cheesecake Factory"" : ""1""}, {""The Children's Place"" : ""1""}, {""The Melting Pot"" : ""1""}, {""Tillys"" : ""1""}, {""Torrid"" : ""1""}, {""Total Wine"" : ""1""}, {""Trader Joe's"" : ""1""}, {""Trek"" : ""1""}, {""uBreakiFix"" : ""1""}, {""U-Haul"" : ""1""}, {""United States Post Office"" : ""1""}, {""Value City Furniture"" : ""1""}, {""Valvoline"" : ""1""}, {""Vans"" : ""1""}, {""Vera Bradley"" : ""1""}, {""Verizon Wireless"" : ""1""}, {""Victoria's Secret"" : ""1""}, {""Visionworks"" : ""1""}, {""Waffle House"" : ""1""}, {""Wendy's"" : ""1""}, {""west elm"" : ""1""}, {""West Marine"" : ""1""}, {""White House Black Market"" : ""1""}, {""Wild Birds Unlimited"" : ""1""}, {""Williams-Sonoma"" : ""1""}, {""Windsor"" : ""1""}, {""Yankee Candle"" : ""1""}, {""Zales"" : ""1""}, {""Zumiez"" : ""1""}, {""Advance Auto Parts"" : ""1""}, {""Aeropostale"" : ""1""}, {""Aldi"" : ""1""}, {""Aldo"" : ""1""}, {""Altar'd State"" : ""1""}, {""American Eagle Outfitters"" : ""1""}, {""American Red Cross"" : ""1""}, {""America's Best Contacts & Eyeglasses"" : ""1""}, {""Anthropologie"" : ""1""}, {""Apple Store"" : ""1""}, {""Aspen Dental"" : ""1""}, {""Auntie Anne's"" : ""1""}, {""Avis"" : ""1""}, {""Bank of America"" : ""1""}, {""bareMinerals"" : ""1""}, {""Baskin-Robbins"" : ""1""}, {""Bed Bath & Beyond"" : ""1""}, {""Benjamin Moore"" : ""1""}, {""Best Buy"" : ""1""}, {""Big Lots"" : ""1""}, {""Books-A-Million"" : ""1""}, {""Boost Mobile"" : ""1""}, {""Brooks Brothers"" : ""1""}, {""Bruegger's Bagels"" : ""1""}, {""Buckle"" : ""1""}, {""Budget"" : ""1""}, {""Build-A-Bear Workshop"" : ""1""}, {""Burger King"" : ""1""}, {""Burlington"" : ""1""}, {""California Pizza Kitchen"" : ""1""}, {""Caribou Coffee"" : ""1""}, {""Carter's"" : ""1""}, {""Cartridge World"" : ""1""}, {""Champs Sports"" : ""1""}, {""Charleys Philly Steaks"" : ""1""}, {""Charlotte Russe"" : ""1""}, {""Check Into Cash"" : ""1""}, {""Chick-fil-A"" : ""1""}, {""Chico's"" : ""1""}, {""Cicis"" : ""1""}, {""Claire's"" : ""1""}, {""claire's"" : ""1""}, {""Cook Out"" : ""1""}, {""CosmoProf"" : ""1""}, {""Cotton On"" : ""1""}, {""Cricket Wireless"" : ""1""}, {""Dairy Queen"" : ""1""}, {""Dave & Buster's"" : ""1""}, {""David's Bridal"" : ""1""}, {""Dick's Sporting Goods"" : ""1""}, {""Dillard's"" : ""1""}, {""DXL Men's Apparel"" : ""1""}, {""Edible Arrangements"" : ""1""}, {""Einstein Bros. Bagels"" : ""1""}, {""Enterprise"" : ""1""}, {""Ethan Allen"" : ""1""}, {""European Wax Center"" : ""1""}, {""Expedia CruiseShipCenters"" : ""1""}, {""Express"" : ""1""}, {""Family Dollar"" : ""1""}, {""Fastsigns"" : ""1""}, {""Fidelity Bank"" : ""1""}, {""Footaction"" : ""1""}, {""Forever 21"" : ""1""}, {""Francesca's"" : ""1""}, {""Free People"" : ""1""}, {""FYE"" : ""1""}, {""Gino's Pizza"" : ""1""}, {""Golf Galaxy"" : ""1""}, {""Hand & Stone Massage and Facial Spa"" : ""1""}, {""Helzberg Diamonds"" : ""1""}, {""Hilton Garden Inn"" : ""1""}, {""H&M"" : ""1""}, {""Hobby Lobby"" : ""1""}, {""Hollister"" : ""1""}, {""House of Hoops"" : ""1""}, {""IHOP"" : ""1""}, {""JCPenney"" : ""1""}, {""J.Crew"" : ""1""}]"
6	Citrus County	Florida	27.4	154,403	158,083	560	3,680	105	"{""rooms_6"": ""{county:26.8|state:18.1|us:17.8}"", ""in_other"": ""{county:7.5|state:5.3|us:4.8}"", ""age_65_74"": ""{county:19.6|state:11.3|us:9.4}"", ""age_75_84"": ""{county:12.1|state:6.5|us:4.7}"", ""in_retail"": ""{county:15.9|state:12.5|us:11.0}"", ""age_median"": ""{county:56.7|state:42.2|us:38.2}"", ""age_16_over"": ""{county:87.0|state:82.4|us:80.1}"", ""age_18_over"": ""{county:85.3|state:80.1|us:77.6}"", ""age_21_over"": ""{county:83.2|state:76.6|us:73.5}"", ""age_62_over"": ""{county:41.6|state:24.3|us:19.6}"", ""age_65_over"": ""{county:36.4|state:20.5|us:16.0}"", ""age_85_over"": ""{county:4.7|state:2.7|us:2.0}"", ""built_1980_1989"": ""{county:27.4|state:20.0|us:13.4}"", ""ancestry_italian"": ""{county:8.3|state:5.8|us:5.1}""}"	"[{""Circle K"" : ""3""}, {""Speedway"" : ""2""}, {""Pizza Hut"" : ""2""}, {""Walgreens"" : ""2""}, {""Publix"" : ""2""}, {""Wendy's"" : ""2""}, {""Dollar General"" : ""2""}, {""Dunkin'"" : ""2""}, {""Citgo"" : ""2""}, {""McDonald's"" : ""1""}, {""Panera Bread"" : ""1""}, {""Redbox"" : ""1""}, {""Regions Bank"" : ""1""}, {""Sears"" : ""1""}, {""Shell"" : ""1""}, {""Subway"" : ""1""}, {""Sunoco"" : ""1""}, {""The UPS Store"" : ""1""}, {""TJ Maxx"" : ""1""}, {""Tractor Supply Company"" : ""1""}, {""United States Post Office"" : ""1""}, {""VA"" : ""1""}, {""Verizon"" : ""1""}, {""Walmart"" : ""1""}, {""Wawa"" : ""1""}, {""Winn-Dixie"" : ""1""}, {""Advance Auto Parts"" : ""1""}, {""YMCA"" : ""1""}, {""Anytime Fitness"" : ""1""}, {""AutoZone"" : ""1""}, {""Bealls"" : ""1""}, {""Boys & Girls Club"" : ""1""}, {""Denny's"" : ""1""}, {""Dollar Tree"" : ""1""}, {""Hardee's"" : ""1""}, {""Kangaroo Express"" : ""1""}]"
7	Palm Beach County	Florida	27.3	1,492,466	1,497,987	275	5,521	294	"{""pop2020"": ""{county:1482057|state:21216924|us:326569308}"", ""rooms_4"": ""{county:24.9|state:20.8|us:16.1}"", ""units_3_4"": ""{county:6.5|state:3.9|us:4.3}"", ""units_5_9"": ""{county:6.3|state:4.9|us:4.6}"", ""rent_median"": ""{county:1452|state:1218|us:1096}"", ""units_10_19"": ""{county:6.7|state:5.6|us:4.3}"", ""grapi_35_more"": ""{county:50.9|state:46.8|us:40.0}"", ""housing_total"": ""{county:690075|state:9562324|us:138432751}"", ""housing_units"": ""{county:690075|state:9562324|us:138432751}"", ""units_20_more"": ""{county:18.3|state:13.8|us:9.4}"", ""rent_1500_1999"": ""{county:28.3|state:19.6|us:14.9}"", ""rent_2000_2499"": ""{county:10.3|state:6.2|us:6.2}"", ""rent_2500_2999"": ""{county:4.7|state:2.2|us:2.6}"", ""built_1980_1989"": ""{county:27.3|state:20.0|us:13.4}"", ""in_professional"": ""{county:15.5|state:13.3|us:11.7}"", ""ancestry_italian"": ""{county:8.3|state:5.8|us:5.1}"", ""ancestry_russian"": ""{county:3.0|state:0.9|us:0.8}"", ""units_1_attached"": ""{county:11.0|state:6.3|us:5.9}"", ""income_200000_more"": ""{county:10.4|state:6.4|us:8.3}"", ""value_300000_499999"": ""{county:30.2|state:22.2|us:20.5}"", ""ancestry_west_indian"": ""{county:8.9|state:4.4|us:0.9}""}"	"[{""Publix"" : ""27""}, {""Starbucks"" : ""23""}, {""Dunkin' Donuts"" : ""14""}, {""Walgreens"" : ""13""}, {""CVS Pharmacy"" : ""12""}, {""Speedway"" : ""12""}, {""Walmart"" : ""11""}, {""7-Eleven"" : ""10""}, {""Subway"" : ""10""}, {""Bank of America"" : ""7""}, {""Mobil"" : ""7""}, {""Wells Fargo"" : ""6""}, {""Dero"" : ""6""}, {""Panera Bread"" : ""6""}, {""T-Mobile"" : ""6""}, {""Chipotle"" : ""6""}, {""Ross"" : ""6""}, {""McDonald's"" : ""6""}, {""SunTrust"" : ""5""}, {""BurgerFi"" : ""5""}, {""Domino's"" : ""5""}, {""Sunoco"" : ""5""}, {""Chase"" : ""5""}, {""Chevron"" : ""5""}, {""The Home Depot"" : ""5""}, {""Supercuts"" : ""5""}, {""LA Fitness"" : ""5""}, {""Aldi"" : ""4""}, {""AutoZone"" : ""4""}, {""Shell"" : ""4""}, {""The UPS Store"" : ""4""}, {""Winn-Dixie"" : ""4""}, {""AT&T"" : ""4""}, {""Sport Clips"" : ""3""}, {""TD Bank"" : ""3""}, {""Total Wine"" : ""3""}, {""Moe's Southwest Grill"" : ""3""}, {""GameStop"" : ""3""}, {""Citibank"" : ""3""}, {""Burger King"" : ""3""}, {""Metro by T-Mobile"" : ""3""}, {""BP"" : ""3""}, {""Michaels"" : ""3""}, {""United States Post Office"" : ""3""}, {""Einstein Bros. Bagels"" : ""3""}, {""Nordstrom"" : ""3""}, {""PetSmart"" : ""3""}, {""IHOP"" : ""3""}, {""H&R Block"" : ""3""}, {""Dollar Tree"" : ""3""}, {""Five Guys"" : ""3""}, {""Pei Wei"" : ""3""}, {""Dick's Sporting Goods"" : ""3""}, {""Redbox"" : ""3""}, {""Marathon"" : ""3""}, {""Whole Foods Market"" : ""3""}, {""TJ Maxx"" : ""3""}, {""Bloomingdale's"" : ""2""}, {""Coinstar"" : ""2""}, {""Mattress Firm"" : ""2""}, {""Men's Wearhouse"" : ""2""}, {""Marshalls"" : ""2""}, {""Saks Fifth Avenue"" : ""2""}, {""Rita's Italian Ice"" : ""2""}, {""Louis Vuitton"" : ""2""}, {""Enterprise"" : ""2""}, {""National"" : ""2""}, {""Taco Bell"" : ""2""}, {""Tesla Supercharger"" : ""2""}, {""Texaco"" : ""2""}, {""The Cheesecake Factory"" : ""2""}, {""FlixBus"" : ""2""}, {""The Habit Burger Grill"" : ""2""}, {""Pet Supermarket"" : ""2""}, {""Best Buy"" : ""2""}, {""Nothing Bundt Cakes"" : ""2""}, {""Bath & Body Works"" : ""2""}, {""Jersey Mike's Subs"" : ""2""}, {""Trader Joe's"" : ""2""}, {""Dunkin'"" : ""2""}, {""O'Reilly Auto Parts"" : ""2""}, {""Panda Express"" : ""2""}, {""Ulta Beauty"" : ""2""}, {""Jamba Juice"" : ""2""}, {""Valero"" : ""2""}, {""Racetrac"" : ""1""}, {""Rack Room Shoes"" : ""1""}, {""Rainbow"" : ""1""}, {""Red Robin"" : ""1""}, {""Regal Nails"" : ""1""}, {""Regions Bank"" : ""1""}, {""Regis"" : ""1""}, {""REI"" : ""1""}, {""RE/MAX"" : ""1""}, {""Rent-A-Center"" : ""1""}, {""Ruth's Chris Steak House"" : ""1""}, {""Sally Beauty"" : ""1""}, {""Sears"" : ""1""}, {""Sephora"" : ""1""}, {""Shoe Carnival"" : ""1""}, {""Sonic"" : ""1""}, {""Sports Authority"" : ""1""}, {""Sprint"" : ""1""}, {""State Farm"" : ""1""}, {""Stop & Shop"" : ""1""}, {""Sunglass Hut"" : ""1""}, {""Super 8"" : ""1""}, {""sweetFrog"" : ""1""}, {""The Container Store"" : ""1""}, {""The Original Pancake House"" : ""1""}, {""The Vitamin Shoppe"" : ""1""}, {""Tijuana Flats"" : ""1""}, {""Tommy Bahama"" : ""1""}, {""Trek"" : ""1""}, {""Tropical Smoothie Cafe"" : ""1""}, {""Tuesday Morning"" : ""1""}, {""Twin Peaks"" : ""1""}, {""U-Haul"" : ""1""}, {""USPS"" : ""1""}, {""Verizon"" : ""1""}, {""Victoria's Secret"" : ""1""}, {""Wendy's"" : ""1""}, {""Western Union"" : ""1""}, {""Yard House"" : ""1""}, {""YMCA"" : ""1""}, {""Aaron's"" : ""1""}, {""ALDI"" : ""1""}, {""Amazing Lash Studio"" : ""1""}, {""AMC"" : ""1""}, {""American Automobile Association"" : ""1""}, {""Anthropologie"" : ""1""}, {""Applebee's Neighborhood Grill & Bar"" : ""1""}, {""BankUnited"" : ""1""}, {""Barnes & Noble"" : ""1""}, {""Bealls"" : ""1""}, {""Bed Bath & Beyond"" : ""1""}, {""Big Lots"" : ""1""}, {""BJ's"" : ""1""}, {""Boost Mobile"" : ""1""}, {""Boston Market"" : ""1""}, {""Brio"" : ""1""}, {""Budget"" : ""1""}, {""California Pizza Kitchen"" : ""1""}, {""Carrabba's Italian Grill"" : ""1""}, {""Chevrolet"" : ""1""}, {""Chick-fil-A"" : ""1""}, {""China Wok"" : ""1""}, {""Citgo"" : ""1""}, {""Costco Gasoline"" : ""1""}, {""Curves"" : ""1""}, {""Dairy Queen"" : ""1""}, {""David Yurman"" : ""1""}, {""Denny's"" : ""1""}, {""Dillard's"" : ""1""}, {""Dollar"" : ""1""}, {""Dollar General"" : ""1""}, {""DSW"" : ""1""}, {""Edible Arrangements"" : ""1""}, {""Ethan Allen"" : ""1""}, {""European Wax Center"" : ""1""}, {""Family Dollar"" : ""1""}, {""FedEx Office"" : ""1""}, {""Firehouse Subs"" : ""1""}, {""First Watch"" : ""1""}, {""Foot Locker"" : ""1""}, {""Forever 21"" : ""1""}, {""GNC"" : ""1""}, {""Goodwill"" : ""1""}, {""Great Clips"" : ""1""}, {""Guitar Center"" : ""1""}, {""Hair Cuttery"" : ""1""}, {""Harbor Freight Tools"" : ""1""}, {""Haystacks"" : ""1""}, {""H&M"" : ""1""}, {""HomeGoods"" : ""1""}, {""Hooters"" : ""1""}, {""Jamba"" : ""1""}, {""JCPenney"" : ""1""}, {""Jimmy John's"" : ""1""}, {""JoS. A. Bank"" : ""1""}, {""Kilwins"" : ""1""}, {""LensCrafters"" : ""1""}, {""Leslie's Pool Supplies"" : ""1""}, {""Little Caesars"" : ""1""}, {""LongHorn Steakhouse"" : ""1""}, {""Macy's"" : ""1""}, {""Massage Envy"" : ""1""}, {""Murphy's Gas Station"" : ""1""}, {""NAPA Auto Parts"" : ""1""}, {""Neiman Marcus"" : ""1""}, {""Nordstrom Rack"" : ""1""}, {""Office Depot"" : ""1""}, {""OfficeMax"" : ""1""}, {""Old Navy"" : ""1""}, {""Olive Garden"" : ""1""}, {""Papa John's"" : ""1""}, {""Pearle Vision"" : ""1""}, {""Pep Boys"" : ""1""}, {""Petco"" : ""1""}, {""P.F. Chang's"" : ""1""}, {""Pizza Hut"" : ""1""}, {""Planet Fitness"" : ""1""}, {""PNC Bank"" : ""1""}, {""Pollo Tropical"" : ""1""}, {""Popeyes"" : ""1""}, {""Public Storage"" : ""1""}, {""Quick Tag"" : ""1""}, {""Quiznos"" : ""1""}, {""RaceTrac"" : ""1""}]"
7	Seminole County	Florida	27.3	471,058	470,093	202	-965	587	"{""units_5_9"": ""{county:7.1|state:4.9|us:4.6}"", ""in_finance"": ""{county:8.6|state:7.7|us:6.6}"", ""rent_median"": ""{county:1323|state:1218|us:1096}"", ""units_10_19"": ""{county:7.5|state:5.6|us:4.3}"", ""ancestry_arab"": ""{county:0.9|state:0.6|us:0.6}"", ""in_information"": ""{county:3.1|state:1.7|us:2.0}"", ""rent_1000_1499"": ""{county:49.0|state:39.2|us:30.2}"", ""rent_1500_1999"": ""{county:25.7|state:19.6|us:14.9}"", ""built_1980_1989"": ""{county:27.3|state:20.0|us:13.4}"", ""in_professional"": ""{county:16.7|state:13.3|us:11.7}"", ""job_bus_sci_art"": ""{county:45.5|state:36.4|us:39.5}"", ""edu_bachelor_degree"": ""{county:27.1|state:19.3|us:20.2}"", ""edu_bachelor_higher"": ""{county:41.0|state:30.5|us:32.9}"", ""value_200000_299999"": ""{county:31.0|state:24.8|us:20.0}"", ""value_300000_499999"": ""{county:29.9|state:22.2|us:20.5}"", ""ancestry_west_indian"": ""{county:2.6|state:4.4|us:0.9}""}"	"[{""Publix"" : ""19""}, {""7-Eleven"" : ""16""}, {""Wawa"" : ""14""}, {""Walgreens"" : ""11""}, {""Subway"" : ""11""}, {""Starbucks"" : ""9""}, {""CVS Pharmacy"" : ""8""}, {""McDonald's"" : ""8""}, {""Walmart"" : ""6""}, {""Panera Bread"" : ""6""}, {""T-Mobile"" : ""6""}, {""SunTrust"" : ""6""}, {""Dero"" : ""5""}, {""Chick-fil-A"" : ""5""}, {""Wendy's"" : ""5""}, {""Taco Bell"" : ""5""}, {""Mobil"" : ""5""}, {""ChargePoint"" : ""5""}, {""Dollar Tree"" : ""5""}, {""Speedway"" : ""4""}, {""Dunkin' Donuts"" : ""3""}, {""GameStop"" : ""3""}, {""Outback Steakhouse"" : ""3""}, {""Great Clips"" : ""3""}, {""Burger King"" : ""3""}, {""Cold Stone Creamery"" : ""3""}, {""AT&T"" : ""3""}, {""Planet Fitness"" : ""3""}, {""RaceTrac"" : ""3""}, {""IHOP"" : ""3""}, {""ALDI"" : ""3""}, {""Ross"" : ""3""}, {""LA Fitness"" : ""3""}, {""Chase"" : ""3""}, {""Lowe's"" : ""3""}, {""Target"" : ""3""}, {""Arby's"" : ""3""}, {""The UPS Store"" : ""3""}, {""Tijuana Flats"" : ""3""}, {""TJ Maxx"" : ""3""}, {""Metro by T-Mobile"" : ""3""}, {""Chipotle"" : ""3""}, {""Wells Fargo"" : ""3""}, {""Winn-Dixie"" : ""3""}, {""Shoe Carnival"" : ""2""}, {""Barnes & Noble"" : ""2""}, {""Sleep Number"" : ""2""}, {""Loft"" : ""2""}, {""Best Buy"" : ""2""}, {""Long John Silver's"" : ""2""}, {""Popeyes"" : ""2""}, {""Navy Federal Credit Union"" : ""2""}, {""Allstate"" : ""2""}, {""Steak 'n Shake"" : ""2""}, {""Burlington"" : ""2""}, {""Sunglass Hut"" : ""2""}, {""Pet Supermarket"" : ""2""}, {""Express"" : ""2""}, {""PetSmart"" : ""2""}, {""Gap"" : ""2""}, {""Aldi"" : ""2""}, {""The Children's Place"" : ""2""}, {""Bath & Body Works"" : ""2""}, {""The Home Depot"" : ""2""}, {""Bank of America"" : ""2""}, {""Massage Envy"" : ""2""}, {""Hair Cuttery"" : ""2""}, {""Wingstop"" : ""2""}, {""Cinnabon"" : ""2""}, {""Gymboree"" : ""2""}, {""Papa John's"" : ""2""}, {""Advance Auto Parts"" : ""2""}, {""Five Guys"" : ""2""}, {""Ulta Beauty"" : ""2""}, {""Chili's"" : ""2""}, {""Verizon"" : ""2""}, {""Victoria's Secret"" : ""2""}, {""Champs Sports"" : ""2""}, {""Jersey Mike's Subs"" : ""2""}, {""Charlotte Russe"" : ""2""}, {""NAPA Auto Parts"" : ""2""}, {""Panda Express"" : ""2""}, {""Dillard's"" : ""2""}, {""JoS. A. Bank"" : ""2""}, {""Dollar General"" : ""2""}, {""Justice"" : ""2""}, {""Centennial Bank"" : ""2""}, {""Kohl's"" : ""2""}, {""BurgerFi"" : ""2""}, {""GNC"" : ""2""}, {""Dunkin'"" : ""2""}, {""Ollie's Bargain Outlet"" : ""1""}, {""Orangetheory Fitness"" : ""1""}, {""PacSun"" : ""1""}, {""Pandora"" : ""1""}, {""Party City"" : ""1""}, {""Perkins"" : ""1""}, {""Petco"" : ""1""}, {""Pet Supplies Plus"" : ""1""}, {""Pink"" : ""1""}, {""Pizza Hut"" : ""1""}, {""PNC Bank"" : ""1""}, {""Porsche"" : ""1""}, {""Proactiv"" : ""1""}, {""Qdoba"" : ""1""}, {""Rainbow"" : ""1""}, {""Redbox"" : ""1""}, {""Regal Nails"" : ""1""}, {""Regis"" : ""1""}, {""Retro Fitness"" : ""1""}, {""Romano's Macaroni Grill"" : ""1""}, {""Sam's Club"" : ""1""}, {""Sarku Japan"" : ""1""}, {""Save-A-Lot"" : ""1""}, {""Sears"" : ""1""}, {""Sears Auto Center"" : ""1""}, {""Seasons 52"" : ""1""}, {""Sephora"" : ""1""}, {""Shell"" : ""1""}, {""Sherwin-Williams"" : ""1""}, {""Skechers"" : ""1""}, {""Smoothie King"" : ""1""}, {""Soma"" : ""1""}, {""Spectrum"" : ""1""}, {""Spencer Gifts"" : ""1""}, {""Supercuts"" : ""1""}, {""Tesla Supercharger"" : ""1""}, {""The Fresh Market"" : ""1""}, {""The Vitamin Shoppe"" : ""1""}, {""Things Remembered"" : ""1""}, {""Torrid"" : ""1""}, {""Tropical Smoothie Cafe"" : ""1""}, {""Twin Peaks"" : ""1""}, {""Valvoline"" : ""1""}, {""Waffle House"" : ""1""}, {""Western Union"" : ""1""}, {""White House Black Market"" : ""1""}, {""Yankee Candle"" : ""1""}, {""Zales"" : ""1""}, {""Zoës Kitchen"" : ""1""}, {""Zumiez"" : ""1""}, {""Abercrombie & Fitch"" : ""1""}, {""Ace Hardware"" : ""1""}, {""Aeropostale"" : ""1""}, {""Aldo"" : ""1""}, {""AMC"" : ""1""}, {""American Eagle Outfitters"" : ""1""}, {""Amscot"" : ""1""}, {""Andy's Frozen Custard"" : ""1""}, {""Applebee's Neighborhood Grill & Bar"" : ""1""}, {""Apple Store"" : ""1""}, {""Aspen Dental"" : ""1""}, {""Auntie Anne's"" : ""1""}, {""Avalon"" : ""1""}, {""Avis"" : ""1""}, {""Banana Republic"" : ""1""}, {""Banfield Pet Hospital"" : ""1""}, {""Batteries Plus Bulbs"" : ""1""}, {""BB&T"" : ""1""}, {""Bed Bath & Beyond"" : ""1""}, {""Big Lots"" : ""1""}, {""Boston Market"" : ""1""}, {""BP"" : ""1""}, {""Buckle"" : ""1""}, {""Buffalo Wild Wings"" : ""1""}, {""Build-A-Bear Workshop"" : ""1""}, {""Cafe Rio"" : ""1""}, {""Carrabba's Italian Grill"" : ""1""}, {""Charming Charlie"" : ""1""}, {""Cheddar's"" : ""1""}, {""Cheeburger Cheeburger"" : ""1""}, {""Chevron"" : ""1""}, {""Chico's"" : ""1""}, {""Christian Science Reading Room"" : ""1""}, {""Cici's Pizza"" : ""1""}, {""Circle K"" : ""1""}, {""Claire's"" : ""1""}, {""claire's"" : ""1""}, {""Coinstar"" : ""1""}, {""Costco"" : ""1""}, {""Cracker Barrel"" : ""1""}, {""Dairy Queen"" : ""1""}, {""David's Bridal"" : ""1""}, {""Denny's"" : ""1""}, {""Dickey's Barbecue Pit"" : ""1""}, {""Dick's Sporting Goods"" : ""1""}, {""Domino's"" : ""1""}, {""Embassy Suites"" : ""1""}, {""Express Oil Change & Tire Engineers"" : ""1""}, {""Famous Footwear"" : ""1""}, {""Fast-Fix"" : ""1""}, {""FedEx"" : ""1""}, {""FedEx Office"" : ""1""}, {""Finish Line"" : ""1""}, {""Firestone"" : ""1""}, {""Foot Locker"" : ""1""}, {""Forever 21"" : ""1""}, {""Francesca's"" : ""1""}, {""Goodwill"" : ""1""}, {""Hallmark"" : ""1""}, {""Hand & Stone Massage and Facial Spa"" : ""1""}, {""Harbor Freight Tools"" : ""1""}, {""Helzberg Diamonds"" : ""1""}, {""H&M"" : ""1""}, {""Hollister"" : ""1""}, {""Hot Topic"" : ""1""}, {""H&R Block"" : ""1""}, {""Jackson Hewitt"" : ""1""}, {""JCPenney"" : ""1""}, {""Jet's Pizza"" : ""1""}, {""Jimmy John's"" : ""1""}, {""Jo-Ann"" : ""1""}, {""Journeys"" : ""1""}, {""Kay Jewelers"" : ""1""}, {""Leslie's Pool Supplies"" : ""1""}, {""Lids"" : ""1""}, {""Little Caesars"" : ""1""}, {""LongHorn Steakhouse"" : ""1""}, {""Macy's"" : ""1""}, {""Mapfre"" : ""1""}, {""Marshalls"" : ""1""}, {""Mattress Firm"" : ""1""}, {""Menchie's"" : ""1""}, {""Michael Kors"" : ""1""}, {""Michaels"" : ""1""}, {""Moe's Southwest Grill"" : ""1""}, {""Murphy USA"" : ""1""}, {""Nothing Bundt Cakes"" : ""1""}, {""Office Depot"" : ""1""}, {""OfficeMax"" : ""1""}, {""Old Time Pottery"" : ""1""}]"
8	Anchorage Municipality	Alaska	26.4	290,637	288,121	-610	-2,516	65	"{""age_25_34"": ""{county:17.4|state:16.1|us:13.9}"", ""units_3_4"": ""{county:10.7|state:7.3|us:4.3}"", ""units_5_9"": ""{county:6.3|state:4.6|us:4.6}"", ""race_asian"": ""{county:9.8|state:6.4|us:5.6}"", ""race_mixed"": ""{county:11.0|state:9.3|us:5.2}"", ""income_mean"": ""{county:108393|state:98811|us:91547}"", ""rent_median"": ""{county:1310|state:1240|us:1096}"", ""race_pacific"": ""{county:2.9|state:1.4|us:0.2}"", ""income_median"": ""{county:84813|state:77790|us:64994}"", ""rent_1500_1999"": ""{county:19.5|state:18.9|us:14.9}"", ""rent_2000_2499"": ""{county:11.8|state:11.0|us:6.2}"", ""rent_2500_2999"": ""{county:3.4|state:2.4|us:2.6}"", ""built_1970_1979"": ""{county:27.7|state:23.0|us:15.0}"", ""built_1980_1989"": ""{county:26.4|state:26.1|us:13.4}"", ""earnings_female"": ""{county:52529|state:51273|us:44220}"", ""earnings_median"": ""{county:42906|state:40471|us:36280}"", ""income_percapita"": ""{county:41127|state:37094|us:35384}"", ""units_1_attached"": ""{county:13.0|state:7.4|us:5.9}"", ""in_transportation"": ""{county:9.8|state:8.9|us:5.5}"", ""income_200000_more"": ""{county:10.8|state:8.8|us:8.3}"", ""value_300000_499999"": ""{county:41.1|state:33.0|us:20.5}"", ""income_150000_199999"": ""{county:10.8|state:9.6|us:7.1}""}"	"[{""Dero"" : ""13""}, {""Starbucks"" : ""7""}, {""Subway"" : ""5""}, {""Chevron"" : ""4""}, {""Walgreens"" : ""3""}, {""Wells Fargo"" : ""3""}, {""Holiday"" : ""3""}, {""Taco Bell"" : ""2""}, {""Tesoro"" : ""2""}, {""Coinstar"" : ""2""}, {""Ace Hardware"" : ""2""}, {""Edward Jones"" : ""2""}, {""Little Free Library"" : ""2""}, {""United States Post Office"" : ""2""}, {""Value Village"" : ""2""}, {""Qdoba"" : ""2""}, {""Western Union"" : ""2""}, {""Redbox"" : ""2""}, {""Safeway"" : ""2""}, {""BurgerFi"" : ""2""}, {""Fred Meyer"" : ""2""}, {""GNC"" : ""2""}, {""KFC"" : ""2""}, {""Great Clips"" : ""1""}, {""Hertz"" : ""1""}, {""H&R Block"" : ""1""}, {""IHOP"" : ""1""}, {""Jazzercise"" : ""1""}, {""JCPenney"" : ""1""}, {""Jiffy Lube"" : ""1""}, {""Krispy Kreme"" : ""1""}, {""Little Caesars"" : ""1""}, {""Manchu Wok"" : ""1""}, {""National"" : ""1""}, {""Nordstrom Rack"" : ""1""}, {""Olive Garden"" : ""1""}, {""Papa John's"" : ""1""}, {""Papa Murphy's"" : ""1""}, {""Petco"" : ""1""}, {""PetSmart"" : ""1""}, {""Pizza Hut"" : ""1""}, {""Plato's Closet"" : ""1""}, {""Popeyes"" : ""1""}, {""Progressive"" : ""1""}, {""Regal Cinemas"" : ""1""}, {""Shell"" : ""1""}, {""Shell Express"" : ""1""}, {""Sportsman's Warehouse"" : ""1""}, {""State Farm"" : ""1""}, {""Texas Roadhouse"" : ""1""}, {""Thrifty"" : ""1""}, {""Trek"" : ""1""}, {""U-Haul"" : ""1""}, {""Victoria's Secret"" : ""1""}, {""The UPS Store"" : ""1""}, {""Alamo"" : ""1""}, {""Allstate"" : ""1""}, {""American Eagle Outfitters"" : ""1""}, {""Applebee's Neighborhood Grill & Bar"" : ""1""}, {""Apple Store"" : ""1""}, {""AT&T"" : ""1""}, {""Avis"" : ""1""}, {""Banana Republic"" : ""1""}, {""Best Buy"" : ""1""}, {""Budget"" : ""1""}, {""Burger King"" : ""1""}, {""Carquest"" : ""1""}, {""Chili's"" : ""1""}, {""Cricket Wireless"" : ""1""}, {""CVS Pharmacy"" : ""1""}, {""Dairy Queen"" : ""1""}, {""Days Inn"" : ""1""}, {""Dollar"" : ""1""}, {""EagleRider"" : ""1""}, {""Enterprise"" : ""1""}, {""Fairfield Inn & Suites"" : ""1""}, {""FedEx Office"" : ""1""}]"
9	Fayette County	Georgia	25.9	119,441	120,574	247	1,133	239	"{""rooms_8"": ""{county:16.1|state:10.1|us:8.8}"", ""rooms_9"": ""{county:33.0|state:15.3|us:11.8}"", ""income_mean"": ""{county:122014|state:85691|us:91547}"", ""rent_median"": ""{county:1396|state:1042|us:1096}"", ""rooms_median"": ""{county:7.4|state:5.9|us:5.5}"", ""earnings_male"": ""{county:74578|state:51053|us:54323}"", ""income_median"": ""{county:93777|state:61224|us:64994}"", ""in_information"": ""{county:3.3|state:2.3|us:2.0}"", ""rent_1000_1499"": ""{county:42.0|state:36.6|us:30.2}"", ""rent_1500_1999"": ""{county:20.2|state:12.8|us:14.9}"", ""rent_2000_2499"": ""{county:12.7|state:2.9|us:6.2}"", ""rent_3000_more"": ""{county:4.4|state:0.7|us:2.8}"", ""built_1980_1989"": ""{county:25.9|state:16.5|us:13.4}"", ""built_1990_1999"": ""{county:28.5|state:20.6|us:13.9}"", ""earnings_female"": ""{county:51394|state:41521|us:44220}"", ""earnings_median"": ""{county:46892|state:34603|us:36280}"", ""edu_grad_degree"": ""{county:18.5|state:12.5|us:12.7}"", ""job_bus_sci_art"": ""{county:47.9|state:38.5|us:39.5}"", ""income_percapita"": ""{county:44668|state:32427|us:35384}"", ""in_transportation"": ""{county:12.5|state:6.7|us:5.5}"", ""income_200000_more"": ""{county:14.5|state:7.1|us:8.3}"", ""edu_bachelor_degree"": ""{county:28.2|state:19.7|us:20.2}"", ""edu_bachelor_higher"": ""{county:46.8|state:32.2|us:32.9}"", ""value_300000_499999"": ""{county:35.2|state:17.4|us:20.5}"", ""ancestry_west_indian"": ""{county:1.4|state:1.3|us:0.9}"", ""income_100000_149999"": ""{county:20.7|state:14.9|us:15.6}"", ""income_150000_199999"": ""{county:11.3|state:6.3|us:7.1}""}"	"[{""Kroger"" : ""3""}, {""BP"" : ""2""}, {""Walmart"" : ""2""}, {""McDonald's"" : ""2""}, {""Coinstar"" : ""1""}, {""Crowne Plaza"" : ""1""}, {""CVS Pharmacy"" : ""1""}, {""Express Oil Change & Tire Engineers"" : ""1""}, {""Fairfield Inn & Suites"" : ""1""}, {""FedEx Office"" : ""1""}, {""Five Guys"" : ""1""}, {""Jersey Mike's Subs"" : ""1""}, {""Jimmy John's"" : ""1""}, {""Mattress Firm"" : ""1""}, {""Panda Express"" : ""1""}, {""Panera Bread"" : ""1""}, {""Publix"" : ""1""}, {""Quick Tag"" : ""1""}, {""Redbox"" : ""1""}, {""Regis"" : ""1""}, {""Rite Aid"" : ""1""}, {""Ross"" : ""1""}, {""Schlotzsky's"" : ""1""}, {""Starbucks"" : ""1""}, {""Subway"" : ""1""}, {""The Fresh Market"" : ""1""}, {""Tuesday Morning"" : ""1""}, {""Walgreens"" : ""1""}, {""BB&T"" : ""1""}, {""Wells Fargo"" : ""1""}, {""Books-A-Million"" : ""1""}, {""Chase"" : ""1""}, {""Chick-fil-A"" : ""1""}]"
10	Nevada County	California	25.7	102,199	103,487	-42	1,288	42	"{""in_other"": ""{county:7.1|state:5.1|us:4.8}"", ""age_65_74"": ""{county:16.8|state:8.3|us:9.4}"", ""age_62_over"": ""{county:32.6|state:17.6|us:19.6}"", ""age_65_over"": ""{county:27.4|state:14.3|us:16.0}"", ""rent_median"": ""{county:1315|state:1586|us:1096}"", ""value_median"": ""{county:446100|state:538500|us:229800}"", ""ancestry_greek"": ""{county:0.7|state:0.3|us:0.4}"", ""rent_1500_1999"": ""{county:23.1|state:23.8|us:14.9}"", ""rent_2000_2499"": ""{county:10.3|state:14.5|us:6.2}"", ""rent_2500_2999"": ""{county:4.4|state:7.6|us:2.6}"", ""built_1980_1989"": ""{county:25.7|state:15.1|us:13.4}"", ""in_professional"": ""{county:13.5|state:13.8|us:11.7}"", ""income_percapita"": ""{county:41079|state:38576|us:35384}"", ""class_selfemployed"": ""{county:16.2|state:7.8|us:5.9}"", ""ancestry_portuguese"": ""{county:1.5|state:0.8|us:0.4}"", ""edu_bachelor_degree"": ""{county:24.7|state:21.6|us:20.2}"", ""value_300000_499999"": ""{county:40.6|state:26.0|us:20.5}"", ""value_500000_999999"": ""{county:35.3|state:37.0|us:12.3}""}"	
